sensor_id,timestamp,temperature,humidity,location,sensor_type
1077,2025-04-09T03:50:03.000Z,15.13,65.05,BuildingA_Floor2,TypeB
1075,2025-04-10T01:15:09.000Z,34.07,59.45,BuildingA_Floor2,TypeB
1022,2025-04-09T09:54:24.000Z,17.73,48.58,BuildingB_Floor2,TypeA
1085,2025-04-12T07:06:53.000Z,24.68,63.56,BuildingB_Floor2,TypeC
1067,2025-04-11T07:34:07.000Z,28.33,50.21,BuildingB_Floor1,TypeC
1090,2025-04-11T02:33:37.000Z,19.94,49.02,BuildingB_Floor2,TypeB
1070,2025-04-12T09:01:41.000Z,22.29,36.3,BuildingB_Floor1,TypeA
1095,2025-04-09T19:07:36.000Z,26.75,62.32,BuildingA_Floor1,TypeB
1046,2025-04-11T20:08:19.000Z,27.77,57.03,BuildingA_Floor2,TypeB
1057,2025-04-13T20:34:47.000Z,30.63,59.55,BuildingA_Floor1,TypeC
1076,2025-04-10T18:51:30.000Z,25.37,55.76,BuildingB_Floor1,TypeC
1030,2025-04-10T00:27:54.000Z,27.9,52.39,BuildingA_Floor2,TypeC
1064,2025-04-13T08:30:13.000Z,34.22,73.17,BuildingB_Floor1,TypeC
1024,2025-04-11T06:38:13.000Z,27.81,40.97,BuildingB_Floor2,TypeA
1031,2025-04-11T22:29:43.000Z,25.31,54.77,BuildingA_Floor1,TypeA
1018,2025-04-12T21:57:45.000Z,21.61,60.95,BuildingA_Floor2,TypeB
1027,2025-04-09T19:27:36.000Z,24.96,59.37,BuildingA_Floor1,TypeB
1039,2025-04-11T10:49:15.000Z,28.04,70.55,BuildingA_Floor1,TypeA
1047,2025-04-09T01:15:44.000Z,29.86,49.13,BuildingA_Floor2,TypeB
1040,2025-04-10T21:56:54.000Z,32.4,41.62,BuildingA_Floor2,TypeA
1046,2025-04-11T15:32:25.000Z,16.68,69.9,BuildingA_Floor2,TypeB
1088,2025-04-12T17:32:39.000Z,34.95,53.28,BuildingA_Floor1,TypeA
1039,2025-04-11T08:41:57.000Z,26.05,78.47,BuildingB_Floor2,TypeC
1081,2025-04-11T01:29:15.000Z,18.51,61.0,BuildingA_Floor1,TypeC
1069,2025-04-13T14:14:56.000Z,21.61,69.38,BuildingA_Floor1,TypeC
1040,2025-04-12T17:36:55.000Z,28.35,72.47,BuildingB_Floor1,TypeA
1007,2025-04-10T09:03:38.000Z,24.57,77.54,BuildingA_Floor1,TypeB
1090,2025-04-12T10:41:44.000Z,31.55,33.73,BuildingA_Floor1,TypeC
1035,2025-04-11T09:54:25.000Z,22.85,77.49,BuildingA_Floor1,TypeA
1053,2025-04-13T07:37:07.000Z,15.23,59.9,BuildingB_Floor1,TypeB
1069,2025-04-11T16:38:19.000Z,26.69,60.61,BuildingB_Floor2,TypeC
1037,2025-04-12T04:10:02.000Z,30.0,53.92,BuildingA_Floor1,TypeA
1078,2025-04-10T19:30:45.000Z,27.61,58.49,BuildingB_Floor1,TypeB
1014,2025-04-13T11:15:30.000Z,22.78,75.39,BuildingA_Floor1,TypeC
1088,2025-04-13T06:52:58.000Z,26.43,40.67,BuildingB_Floor2,TypeA
1064,2025-04-09T08:52:47.000Z,32.12,68.51,BuildingA_Floor2,TypeB
1089,2025-04-11T01:55:59.000Z,28.31,78.98,BuildingA_Floor1,TypeA
1085,2025-04-11T11:45:14.000Z,20.57,34.94,BuildingB_Floor2,TypeC
1076,2025-04-11T08:06:38.000Z,31.15,63.92,BuildingB_Floor1,TypeC
1053,2025-04-13T23:28:05.000Z,28.45,44.58,BuildingA_Floor1,TypeB
1041,2025-04-13T05:25:05.000Z,32.87,57.91,BuildingA_Floor1,TypeB
1027,2025-04-10T14:43:11.000Z,23.27,37.34,BuildingB_Floor2,TypeA
1063,2025-04-12T08:24:51.000Z,17.87,61.75,BuildingB_Floor1,TypeB
1091,2025-04-09T07:12:55.000Z,32.94,51.0,BuildingA_Floor2,TypeB
1021,2025-04-13T07:06:52.000Z,32.84,61.35,BuildingB_Floor2,TypeC
1037,2025-04-09T23:02:03.000Z,31.01,79.96,BuildingB_Floor2,TypeC
1015,2025-04-10T23:08:52.000Z,20.81,68.97,BuildingA_Floor1,TypeA
1087,2025-04-09T00:36:46.000Z,17.51,52.55,BuildingB_Floor1,TypeC
1053,2025-04-09T12:57:20.000Z,27.02,54.83,BuildingB_Floor1,TypeA
1020,2025-04-13T06:12:05.000Z,33.66,40.92,BuildingA_Floor2,TypeC
1063,2025-04-10T15:26:05.000Z,30.1,48.77,BuildingB_Floor1,TypeA
1094,2025-04-12T13:00:38.000Z,18.47,77.16,BuildingA_Floor1,TypeC
1014,2025-04-10T21:53:39.000Z,34.54,65.0,BuildingB_Floor2,TypeC
1095,2025-04-13T18:29:32.000Z,34.46,66.13,BuildingB_Floor2,TypeC
1025,2025-04-09T06:15:46.000Z,21.14,30.78,BuildingA_Floor1,TypeC
1060,2025-04-11T08:02:22.000Z,20.46,67.67,BuildingA_Floor2,TypeA
1036,2025-04-12T08:34:14.000Z,18.82,51.46,BuildingA_Floor2,TypeB
1056,2025-04-12T09:58:49.000Z,20.73,34.86,BuildingA_Floor2,TypeC
1002,2025-04-10T03:30:50.000Z,33.51,72.98,BuildingB_Floor2,TypeC
1056,2025-04-12T03:26:59.000Z,24.78,69.8,BuildingA_Floor1,TypeC
1033,2025-04-11T16:17:44.000Z,19.26,77.34,BuildingA_Floor2,TypeB
1027,2025-04-13T12:10:53.000Z,20.07,59.5,BuildingB_Floor1,TypeB
1007,2025-04-09T21:59:51.000Z,32.58,42.46,BuildingA_Floor1,TypeA
1077,2025-04-09T16:14:30.000Z,20.8,32.98,BuildingA_Floor2,TypeC
1040,2025-04-09T21:06:07.000Z,24.79,37.34,BuildingB_Floor1,TypeB
1096,2025-04-09T14:30:18.000Z,33.28,55.28,BuildingA_Floor1,TypeA
1019,2025-04-12T01:08:29.000Z,18.84,33.28,BuildingB_Floor2,TypeA
1081,2025-04-12T05:16:38.000Z,29.23,68.09,BuildingA_Floor1,TypeB
1068,2025-04-11T18:56:00.000Z,18.27,65.96,BuildingA_Floor1,TypeB
1094,2025-04-11T09:44:07.000Z,32.94,38.8,BuildingA_Floor2,TypeC
1040,2025-04-13T16:34:29.000Z,21.7,31.57,BuildingB_Floor2,TypeA
1000,2025-04-13T01:48:32.000Z,20.1,65.63,BuildingB_Floor2,TypeC
1060,2025-04-09T00:47:02.000Z,34.79,43.03,BuildingB_Floor1,TypeC
1003,2025-04-12T11:21:44.000Z,21.01,73.05,BuildingA_Floor2,TypeC
1021,2025-04-09T00:53:32.000Z,26.79,69.75,BuildingB_Floor1,TypeC
1070,2025-04-13T11:53:45.000Z,28.83,72.42,BuildingB_Floor2,TypeA
1038,2025-04-13T02:19:24.000Z,25.82,51.42,BuildingA_Floor1,TypeC
1084,2025-04-09T04:46:10.000Z,18.92,48.06,BuildingB_Floor1,TypeB
1066,2025-04-12T06:16:06.000Z,33.64,77.26,BuildingB_Floor1,TypeB
1082,2025-04-14T00:09:20.000Z,19.02,72.42,BuildingB_Floor2,TypeB
1087,2025-04-12T12:51:02.000Z,16.72,70.54,BuildingB_Floor1,TypeC
1036,2025-04-12T09:11:36.000Z,23.18,64.27,BuildingB_Floor2,TypeA
1004,2025-04-12T23:57:06.000Z,28.56,56.01,BuildingA_Floor2,TypeC
1084,2025-04-12T11:37:49.000Z,19.86,79.52,BuildingB_Floor2,TypeC
1053,2025-04-13T22:31:47.000Z,32.46,34.43,BuildingA_Floor1,TypeB
1020,2025-04-13T13:20:26.000Z,27.58,53.78,BuildingA_Floor1,TypeA
1029,2025-04-09T00:33:25.000Z,33.43,75.16,BuildingB_Floor2,TypeB
1058,2025-04-12T21:10:07.000Z,25.97,48.38,BuildingA_Floor2,TypeC
1023,2025-04-10T23:10:59.000Z,16.77,64.5,BuildingB_Floor1,TypeC
1037,2025-04-12T21:43:26.000Z,26.77,69.19,BuildingB_Floor2,TypeC
1005,2025-04-13T11:36:52.000Z,23.27,52.51,BuildingA_Floor1,TypeA
1027,2025-04-13T19:49:57.000Z,15.86,39.87,BuildingB_Floor2,TypeB
1036,2025-04-10T05:04:49.000Z,26.82,50.54,BuildingB_Floor1,TypeA
1061,2025-04-09T10:45:19.000Z,17.62,62.95,BuildingA_Floor1,TypeA
1026,2025-04-11T18:18:22.000Z,31.86,53.29,BuildingB_Floor1,TypeB
1019,2025-04-12T06:29:32.000Z,22.69,59.7,BuildingA_Floor1,TypeB
1022,2025-04-13T05:43:00.000Z,18.3,44.43,BuildingB_Floor2,TypeA
1054,2025-04-11T11:04:30.000Z,23.86,43.22,BuildingA_Floor2,TypeC
1080,2025-04-12T16:02:08.000Z,34.56,40.01,BuildingA_Floor1,TypeB
1040,2025-04-09T23:49:38.000Z,23.47,40.19,BuildingB_Floor2,TypeC
1099,2025-04-12T18:32:38.000Z,31.0,49.15,BuildingA_Floor2,TypeA
1046,2025-04-09T12:44:27.000Z,28.22,44.45,BuildingA_Floor1,TypeC
1048,2025-04-12T06:38:01.000Z,30.33,75.22,BuildingA_Floor2,TypeB
1021,2025-04-10T23:49:01.000Z,23.41,58.25,BuildingA_Floor2,TypeC
1000,2025-04-11T05:25:52.000Z,31.04,45.58,BuildingA_Floor1,TypeA
1052,2025-04-12T04:32:11.000Z,21.7,56.81,BuildingB_Floor2,TypeA
1082,2025-04-09T16:10:30.000Z,21.47,37.21,BuildingB_Floor1,TypeC
1070,2025-04-12T08:30:23.000Z,20.94,30.29,BuildingA_Floor1,TypeA
1075,2025-04-10T13:54:42.000Z,24.07,34.96,BuildingB_Floor1,TypeC
1030,2025-04-09T22:12:01.000Z,30.72,48.75,BuildingA_Floor2,TypeA
1009,2025-04-10T03:44:53.000Z,21.93,43.65,BuildingB_Floor1,TypeC
1053,2025-04-11T05:17:50.000Z,33.36,49.32,BuildingA_Floor2,TypeB
1065,2025-04-12T10:02:46.000Z,24.17,62.39,BuildingB_Floor2,TypeA
1100,2025-04-12T19:18:10.000Z,29.42,77.98,BuildingB_Floor1,TypeA
1094,2025-04-12T08:52:58.000Z,26.91,52.54,BuildingB_Floor2,TypeB
1030,2025-04-10T22:03:18.000Z,20.66,62.5,BuildingB_Floor2,TypeB
1046,2025-04-13T17:59:27.000Z,34.58,60.54,BuildingA_Floor1,TypeA
1061,2025-04-13T20:13:46.000Z,16.48,36.77,BuildingA_Floor1,TypeB
1079,2025-04-12T22:21:09.000Z,25.79,37.62,BuildingA_Floor2,TypeB
1079,2025-04-13T00:41:21.000Z,21.33,43.31,BuildingB_Floor1,TypeB
1087,2025-04-13T00:25:42.000Z,30.05,31.76,BuildingA_Floor2,TypeA
1091,2025-04-13T02:41:33.000Z,27.89,38.32,BuildingB_Floor1,TypeB
1015,2025-04-10T06:08:20.000Z,20.38,79.85,BuildingA_Floor1,TypeA
1006,2025-04-09T00:59:48.000Z,34.5,57.01,BuildingA_Floor2,TypeC
1097,2025-04-12T10:16:23.000Z,25.56,46.08,BuildingA_Floor1,TypeB
1005,2025-04-12T12:48:49.000Z,30.16,79.85,BuildingA_Floor1,TypeC
1062,2025-04-12T23:52:20.000Z,25.6,41.0,BuildingB_Floor2,TypeA
1018,2025-04-12T13:18:44.000Z,22.67,44.43,BuildingA_Floor2,TypeA
1065,2025-04-09T20:03:03.000Z,26.13,51.77,BuildingA_Floor2,TypeA
1026,2025-04-10T14:33:37.000Z,21.78,50.72,BuildingB_Floor1,TypeC
1081,2025-04-09T20:28:17.000Z,25.75,40.82,BuildingA_Floor2,TypeA
1006,2025-04-11T23:47:58.000Z,27.65,52.42,BuildingB_Floor1,TypeA
1089,2025-04-12T07:26:57.000Z,27.51,62.57,BuildingA_Floor1,TypeC
1073,2025-04-12T13:36:22.000Z,31.78,58.2,BuildingA_Floor1,TypeB
1099,2025-04-12T19:12:19.000Z,31.98,51.32,BuildingB_Floor2,TypeB
1017,2025-04-09T15:15:47.000Z,26.92,74.66,BuildingA_Floor1,TypeA
1078,2025-04-09T06:39:41.000Z,31.55,40.97,BuildingB_Floor2,TypeB
1042,2025-04-13T16:41:50.000Z,23.48,72.54,BuildingB_Floor1,TypeA
1021,2025-04-12T15:37:05.000Z,30.13,55.09,BuildingA_Floor2,TypeB
1037,2025-04-11T14:24:21.000Z,18.4,42.77,BuildingB_Floor1,TypeC
1074,2025-04-11T14:42:04.000Z,30.63,56.67,BuildingB_Floor1,TypeC
1081,2025-04-13T00:21:16.000Z,32.58,71.41,BuildingB_Floor1,TypeB
1084,2025-04-12T06:41:20.000Z,32.46,53.65,BuildingB_Floor2,TypeA
1065,2025-04-10T16:01:50.000Z,33.55,67.38,BuildingB_Floor1,TypeA
1061,2025-04-10T11:46:15.000Z,20.94,39.15,BuildingB_Floor1,TypeB
1081,2025-04-11T03:39:44.000Z,15.56,51.68,BuildingA_Floor2,TypeB
1041,2025-04-13T08:02:16.000Z,20.4,68.93,BuildingB_Floor2,TypeA
1053,2025-04-12T09:37:03.000Z,30.06,79.31,BuildingA_Floor1,TypeA
1057,2025-04-13T07:16:33.000Z,23.28,64.49,BuildingA_Floor2,TypeC
1099,2025-04-11T03:10:33.000Z,23.74,47.79,BuildingB_Floor1,TypeB
1085,2025-04-12T12:14:11.000Z,29.72,37.12,BuildingA_Floor1,TypeC
1094,2025-04-09T18:27:03.000Z,21.38,54.28,BuildingB_Floor2,TypeC
1012,2025-04-11T18:31:55.000Z,26.36,42.94,BuildingB_Floor2,TypeB
1067,2025-04-11T19:42:07.000Z,20.34,73.67,BuildingA_Floor1,TypeB
1056,2025-04-12T11:26:21.000Z,23.5,71.85,BuildingB_Floor1,TypeB
1067,2025-04-13T10:21:42.000Z,28.26,59.28,BuildingB_Floor1,TypeB
1023,2025-04-10T11:19:40.000Z,31.59,54.46,BuildingA_Floor1,TypeC
1073,2025-04-12T04:14:00.000Z,16.64,61.55,BuildingB_Floor1,TypeB
1007,2025-04-12T13:50:34.000Z,24.28,46.62,BuildingB_Floor2,TypeC
1092,2025-04-10T23:55:59.000Z,33.49,34.04,BuildingA_Floor2,TypeB
1049,2025-04-11T04:20:57.000Z,26.17,36.42,BuildingB_Floor1,TypeA
1053,2025-04-09T12:10:30.000Z,26.81,77.56,BuildingB_Floor2,TypeC
1059,2025-04-12T23:06:58.000Z,23.44,79.46,BuildingB_Floor2,TypeB
1075,2025-04-09T13:52:30.000Z,34.28,55.44,BuildingB_Floor2,TypeA
1003,2025-04-11T21:18:33.000Z,22.03,43.34,BuildingB_Floor1,TypeA
1076,2025-04-11T20:17:37.000Z,21.2,52.68,BuildingB_Floor1,TypeC
1082,2025-04-13T23:23:10.000Z,29.1,52.66,BuildingA_Floor1,TypeB
1025,2025-04-09T09:16:11.000Z,26.2,46.8,BuildingA_Floor2,TypeA
1017,2025-04-10T19:41:23.000Z,29.06,51.42,BuildingB_Floor2,TypeC
1049,2025-04-10T15:15:43.000Z,19.44,75.34,BuildingB_Floor2,TypeA
1068,2025-04-10T13:57:41.000Z,28.08,54.94,BuildingB_Floor1,TypeC
1065,2025-04-11T19:15:06.000Z,16.93,49.57,BuildingA_Floor1,TypeA
1096,2025-04-09T05:29:19.000Z,34.28,75.89,BuildingB_Floor1,TypeA
1086,2025-04-12T19:43:31.000Z,22.38,52.14,BuildingA_Floor2,TypeC
1081,2025-04-14T00:13:46.000Z,16.63,34.86,BuildingB_Floor2,TypeA
1076,2025-04-09T07:49:50.000Z,26.61,33.32,BuildingA_Floor2,TypeC
1021,2025-04-09T11:28:56.000Z,25.84,58.99,BuildingA_Floor1,TypeC
1063,2025-04-11T00:42:40.000Z,29.02,56.34,BuildingB_Floor2,TypeC
1027,2025-04-10T11:36:45.000Z,18.55,72.0,BuildingA_Floor2,TypeA
1032,2025-04-13T21:20:22.000Z,28.21,67.59,BuildingA_Floor2,TypeC
1013,2025-04-11T07:31:24.000Z,17.82,50.32,BuildingB_Floor2,TypeC
1032,2025-04-09T06:54:09.000Z,19.05,58.04,BuildingA_Floor1,TypeA
1008,2025-04-10T06:24:25.000Z,19.98,52.98,BuildingA_Floor2,TypeB
1024,2025-04-12T19:19:08.000Z,31.54,62.71,BuildingB_Floor1,TypeB
1098,2025-04-13T14:44:33.000Z,32.48,30.38,BuildingB_Floor1,TypeC
1001,2025-04-10T15:16:25.000Z,22.31,72.81,BuildingB_Floor1,TypeC
1097,2025-04-12T16:28:20.000Z,31.52,48.89,BuildingB_Floor2,TypeA
1100,2025-04-11T04:32:16.000Z,28.36,71.9,BuildingA_Floor2,TypeC
1068,2025-04-10T01:55:59.000Z,31.63,35.01,BuildingB_Floor1,TypeB
1041,2025-04-10T07:47:47.000Z,28.34,60.07,BuildingA_Floor1,TypeB
1061,2025-04-11T16:52:22.000Z,26.5,74.01,BuildingA_Floor1,TypeB
1018,2025-04-09T06:17:34.000Z,19.45,76.34,BuildingB_Floor2,TypeA
1031,2025-04-13T01:23:12.000Z,30.97,61.4,BuildingA_Floor1,TypeA
1014,2025-04-12T20:44:18.000Z,30.89,69.36,BuildingA_Floor2,TypeC
1009,2025-04-13T07:23:20.000Z,22.16,79.26,BuildingB_Floor2,TypeA
1004,2025-04-11T15:59:48.000Z,20.75,67.7,BuildingA_Floor1,TypeC
1058,2025-04-09T09:09:46.000Z,19.71,71.6,BuildingA_Floor1,TypeA
1049,2025-04-13T05:25:41.000Z,31.68,61.56,BuildingA_Floor2,TypeA
1072,2025-04-12T04:50:08.000Z,19.77,50.74,BuildingB_Floor2,TypeB
1020,2025-04-11T20:52:20.000Z,21.59,37.23,BuildingA_Floor2,TypeA
1016,2025-04-10T01:36:25.000Z,27.41,73.82,BuildingA_Floor2,TypeC
1085,2025-04-13T14:46:53.000Z,22.36,31.58,BuildingA_Floor2,TypeB
1068,2025-04-11T12:47:31.000Z,18.64,63.39,BuildingB_Floor1,TypeC
1002,2025-04-13T22:03:28.000Z,34.07,44.04,BuildingB_Floor1,TypeA
1013,2025-04-09T09:40:46.000Z,18.86,78.5,BuildingB_Floor2,TypeB
1092,2025-04-12T22:03:30.000Z,17.11,35.41,BuildingB_Floor2,TypeC
1007,2025-04-13T19:53:50.000Z,25.92,77.88,BuildingB_Floor1,TypeC
1037,2025-04-13T04:32:15.000Z,34.13,31.29,BuildingB_Floor1,TypeA
1080,2025-04-13T05:42:51.000Z,26.82,45.29,BuildingA_Floor1,TypeB
1039,2025-04-10T03:18:20.000Z,31.56,49.26,BuildingA_Floor1,TypeC
1046,2025-04-10T13:29:41.000Z,21.13,68.52,BuildingB_Floor2,TypeC
1005,2025-04-12T21:13:38.000Z,25.53,65.84,BuildingA_Floor1,TypeC
1094,2025-04-12T02:57:53.000Z,26.27,58.93,BuildingB_Floor1,TypeB
1089,2025-04-10T07:13:13.000Z,28.46,30.3,BuildingB_Floor2,TypeB
1044,2025-04-10T00:39:24.000Z,15.04,36.84,BuildingA_Floor1,TypeB
1021,2025-04-09T13:44:24.000Z,32.34,44.87,BuildingA_Floor2,TypeB
1022,2025-04-12T00:54:46.000Z,22.35,39.59,BuildingA_Floor2,TypeA
1006,2025-04-10T08:54:20.000Z,24.44,62.98,BuildingB_Floor1,TypeB
1059,2025-04-09T09:11:19.000Z,29.58,45.74,BuildingA_Floor1,TypeB
1022,2025-04-10T06:16:34.000Z,19.81,74.7,BuildingA_Floor2,TypeC
1030,2025-04-09T20:31:29.000Z,27.63,57.18,BuildingA_Floor1,TypeA
1030,2025-04-13T13:35:16.000Z,32.65,38.11,BuildingA_Floor1,TypeC
1050,2025-04-09T17:10:08.000Z,33.81,45.12,BuildingA_Floor1,TypeC
1067,2025-04-12T21:14:41.000Z,34.14,45.12,BuildingB_Floor1,TypeC
1041,2025-04-11T04:18:30.000Z,15.32,69.56,BuildingA_Floor1,TypeC
1000,2025-04-12T03:33:58.000Z,17.27,41.9,BuildingA_Floor1,TypeC
1000,2025-04-09T15:24:13.000Z,15.69,36.7,BuildingA_Floor1,TypeB
1079,2025-04-12T02:39:53.000Z,19.12,49.03,BuildingB_Floor2,TypeA
1056,2025-04-11T05:48:40.000Z,29.79,64.06,BuildingA_Floor1,TypeB
1048,2025-04-12T19:56:49.000Z,28.34,54.46,BuildingB_Floor1,TypeB
1044,2025-04-11T11:28:34.000Z,15.12,44.41,BuildingA_Floor2,TypeC
1080,2025-04-09T18:20:45.000Z,33.24,55.96,BuildingA_Floor1,TypeB
1036,2025-04-11T04:40:11.000Z,34.65,67.73,BuildingB_Floor2,TypeA
1024,2025-04-10T20:10:38.000Z,30.03,56.14,BuildingA_Floor2,TypeA
1099,2025-04-10T01:31:03.000Z,15.38,52.88,BuildingA_Floor1,TypeB
1047,2025-04-13T16:27:15.000Z,27.56,60.32,BuildingA_Floor1,TypeA
1083,2025-04-11T08:47:46.000Z,24.57,31.77,BuildingA_Floor1,TypeA
1000,2025-04-10T07:00:13.000Z,27.37,55.78,BuildingB_Floor2,TypeA
1090,2025-04-09T09:22:02.000Z,31.83,30.42,BuildingB_Floor2,TypeC
1052,2025-04-11T16:56:14.000Z,32.83,36.89,BuildingA_Floor1,TypeB
1026,2025-04-10T07:47:55.000Z,33.9,66.31,BuildingB_Floor2,TypeB
1099,2025-04-10T04:40:21.000Z,32.27,77.51,BuildingB_Floor2,TypeB
1040,2025-04-12T03:53:18.000Z,25.67,68.97,BuildingA_Floor1,TypeB
1079,2025-04-09T23:36:50.000Z,31.77,54.07,BuildingB_Floor1,TypeA
1001,2025-04-12T01:42:41.000Z,29.3,76.02,BuildingA_Floor2,TypeC
1028,2025-04-10T21:59:22.000Z,26.83,52.63,BuildingB_Floor2,TypeA
1017,2025-04-09T23:14:15.000Z,25.19,52.23,BuildingA_Floor2,TypeB
1080,2025-04-13T15:29:43.000Z,17.4,42.14,BuildingA_Floor1,TypeC
1027,2025-04-11T16:42:48.000Z,27.85,49.09,BuildingB_Floor1,TypeB
1007,2025-04-12T13:08:20.000Z,26.49,65.49,BuildingB_Floor1,TypeB
1096,2025-04-09T21:09:09.000Z,29.28,41.34,BuildingA_Floor1,TypeC
1061,2025-04-09T09:05:06.000Z,31.27,53.26,BuildingA_Floor2,TypeB
1096,2025-04-09T08:22:59.000Z,23.63,30.03,BuildingA_Floor2,TypeB
1038,2025-04-10T12:27:16.000Z,28.51,70.79,BuildingB_Floor1,TypeC
1015,2025-04-12T23:50:50.000Z,19.74,71.28,BuildingA_Floor2,TypeB
1028,2025-04-09T18:09:17.000Z,25.79,63.99,BuildingB_Floor2,TypeB
1064,2025-04-11T15:44:07.000Z,23.46,41.59,BuildingA_Floor1,TypeA
1017,2025-04-13T17:12:26.000Z,23.9,76.49,BuildingB_Floor2,TypeC
1099,2025-04-12T00:48:14.000Z,15.07,78.15,BuildingA_Floor2,TypeB
1067,2025-04-09T10:26:16.000Z,19.07,68.04,BuildingA_Floor1,TypeB
1100,2025-04-10T10:14:07.000Z,19.87,48.49,BuildingB_Floor2,TypeA
1044,2025-04-13T18:50:06.000Z,18.21,67.89,BuildingA_Floor2,TypeA
1049,2025-04-10T23:01:07.000Z,22.3,66.9,BuildingA_Floor1,TypeC
1094,2025-04-12T10:20:51.000Z,24.39,41.91,BuildingB_Floor2,TypeA
1073,2025-04-10T11:31:06.000Z,22.58,62.0,BuildingB_Floor2,TypeC
1031,2025-04-13T17:50:19.000Z,28.09,37.74,BuildingA_Floor2,TypeC
1037,2025-04-11T13:49:21.000Z,27.19,50.57,BuildingA_Floor2,TypeA
1055,2025-04-12T04:51:55.000Z,15.09,62.25,BuildingA_Floor2,TypeB
1021,2025-04-11T13:51:19.000Z,34.91,30.9,BuildingB_Floor2,TypeB
1065,2025-04-12T02:17:29.000Z,26.82,69.81,BuildingA_Floor2,TypeA
1043,2025-04-09T12:46:37.000Z,17.71,43.24,BuildingA_Floor2,TypeA
1081,2025-04-09T11:42:10.000Z,31.01,30.85,BuildingB_Floor1,TypeA
1013,2025-04-11T00:58:37.000Z,23.77,38.58,BuildingB_Floor2,TypeB
1076,2025-04-09T07:54:36.000Z,20.12,49.0,BuildingB_Floor1,TypeA
1053,2025-04-09T01:03:57.000Z,34.69,47.07,BuildingA_Floor2,TypeC
1058,2025-04-10T23:46:37.000Z,21.46,49.44,BuildingB_Floor2,TypeC
1021,2025-04-10T23:16:57.000Z,15.09,49.7,BuildingB_Floor1,TypeC
1044,2025-04-12T16:32:28.000Z,27.41,44.78,BuildingB_Floor2,TypeA
1038,2025-04-13T00:21:35.000Z,18.04,79.58,BuildingA_Floor2,TypeB
1054,2025-04-13T16:33:30.000Z,18.71,32.23,BuildingA_Floor1,TypeC
1088,2025-04-09T13:39:34.000Z,30.44,50.66,BuildingB_Floor1,TypeB
1022,2025-04-09T09:06:51.000Z,28.37,37.38,BuildingA_Floor1,TypeC
1041,2025-04-12T01:46:19.000Z,21.75,33.29,BuildingA_Floor2,TypeA
1019,2025-04-11T11:56:19.000Z,17.44,42.34,BuildingB_Floor1,TypeB
1026,2025-04-11T00:12:47.000Z,31.53,44.16,BuildingB_Floor2,TypeA
1070,2025-04-10T03:05:36.000Z,34.51,47.24,BuildingB_Floor1,TypeC
1026,2025-04-10T19:08:16.000Z,33.95,75.85,BuildingA_Floor2,TypeC
1028,2025-04-09T04:13:11.000Z,17.82,70.59,BuildingB_Floor2,TypeB
1072,2025-04-09T03:02:12.000Z,23.88,70.59,BuildingA_Floor1,TypeB
1063,2025-04-12T21:40:01.000Z,33.27,76.4,BuildingB_Floor1,TypeC
1053,2025-04-10T06:20:42.000Z,21.69,33.0,BuildingB_Floor2,TypeA
1044,2025-04-10T14:32:32.000Z,17.2,68.0,BuildingA_Floor2,TypeC
1008,2025-04-10T13:11:10.000Z,19.6,72.7,BuildingA_Floor1,TypeA
1011,2025-04-09T05:45:55.000Z,25.38,78.31,BuildingA_Floor2,TypeC
1084,2025-04-10T03:17:30.000Z,27.88,55.62,BuildingB_Floor1,TypeB
1067,2025-04-09T18:38:49.000Z,16.61,39.19,BuildingB_Floor1,TypeA
1051,2025-04-11T16:17:50.000Z,25.26,31.67,BuildingA_Floor1,TypeA
1068,2025-04-11T00:27:08.000Z,22.28,64.74,BuildingB_Floor2,TypeA
1005,2025-04-11T03:42:38.000Z,18.9,75.38,BuildingA_Floor1,TypeB
1046,2025-04-12T06:11:31.000Z,33.52,70.42,BuildingB_Floor1,TypeC
1092,2025-04-09T12:10:18.000Z,32.7,79.79,BuildingB_Floor1,TypeB
1073,2025-04-10T22:29:34.000Z,23.05,52.92,BuildingB_Floor2,TypeA
1018,2025-04-13T22:11:44.000Z,20.75,59.25,BuildingA_Floor1,TypeC
1047,2025-04-12T01:07:36.000Z,21.75,30.83,BuildingB_Floor1,TypeB
1042,2025-04-11T14:56:28.000Z,26.9,63.0,BuildingA_Floor2,TypeA
1017,2025-04-13T11:44:12.000Z,23.25,61.0,BuildingA_Floor1,TypeA
1082,2025-04-14T00:28:00.000Z,34.39,69.64,BuildingA_Floor1,TypeA
1002,2025-04-10T22:35:52.000Z,15.62,77.1,BuildingA_Floor2,TypeC
1065,2025-04-11T20:17:25.000Z,28.63,73.54,BuildingB_Floor2,TypeA
1043,2025-04-13T03:00:15.000Z,29.34,62.09,BuildingB_Floor1,TypeA
1007,2025-04-11T15:23:45.000Z,28.49,77.9,BuildingB_Floor1,TypeC
1024,2025-04-10T12:39:09.000Z,31.65,44.31,BuildingB_Floor2,TypeB
1047,2025-04-11T09:42:49.000Z,28.16,57.11,BuildingB_Floor2,TypeC
1036,2025-04-12T14:46:16.000Z,17.42,59.94,BuildingB_Floor1,TypeC
1018,2025-04-10T00:01:01.000Z,21.73,48.31,BuildingB_Floor2,TypeA
1090,2025-04-09T23:35:05.000Z,17.31,56.97,BuildingB_Floor2,TypeA
1041,2025-04-09T14:19:32.000Z,24.73,58.19,BuildingB_Floor1,TypeB
1063,2025-04-11T13:58:27.000Z,26.32,65.4,BuildingA_Floor1,TypeB
1099,2025-04-13T05:08:18.000Z,17.27,42.92,BuildingA_Floor2,TypeA
1029,2025-04-09T15:34:24.000Z,18.33,49.06,BuildingA_Floor2,TypeC
1084,2025-04-10T06:54:08.000Z,15.25,38.14,BuildingB_Floor1,TypeB
1065,2025-04-10T13:25:09.000Z,31.7,44.1,BuildingB_Floor1,TypeC
1003,2025-04-12T22:20:31.000Z,25.72,62.92,BuildingA_Floor2,TypeB
1014,2025-04-12T21:13:17.000Z,20.09,44.71,BuildingA_Floor2,TypeB
1000,2025-04-09T06:12:15.000Z,17.25,74.04,BuildingA_Floor2,TypeC
1051,2025-04-09T12:07:22.000Z,28.7,31.28,BuildingA_Floor2,TypeC
1068,2025-04-11T18:06:10.000Z,30.31,61.04,BuildingB_Floor2,TypeC
1070,2025-04-10T18:54:10.000Z,15.0,57.75,BuildingA_Floor2,TypeB
1098,2025-04-12T01:06:23.000Z,19.1,68.37,BuildingB_Floor1,TypeB
1089,2025-04-09T10:36:58.000Z,20.56,61.16,BuildingA_Floor2,TypeB
1046,2025-04-10T00:30:34.000Z,26.57,60.59,BuildingB_Floor1,TypeA
1083,2025-04-09T16:12:23.000Z,21.77,54.7,BuildingB_Floor1,TypeC
1084,2025-04-10T11:40:28.000Z,22.82,72.33,BuildingA_Floor2,TypeB
1068,2025-04-10T02:11:47.000Z,33.77,44.9,BuildingA_Floor2,TypeB
1065,2025-04-11T14:16:52.000Z,31.04,69.06,BuildingB_Floor1,TypeB
1034,2025-04-09T21:58:13.000Z,21.34,34.18,BuildingA_Floor1,TypeA
1016,2025-04-12T03:17:01.000Z,23.84,37.74,BuildingA_Floor1,TypeB
1086,2025-04-13T03:34:46.000Z,17.94,71.5,BuildingB_Floor2,TypeA
1080,2025-04-13T00:13:28.000Z,20.77,46.92,BuildingA_Floor1,TypeA
1077,2025-04-09T07:40:11.000Z,32.27,46.4,BuildingA_Floor1,TypeB
1005,2025-04-09T21:38:07.000Z,30.56,37.04,BuildingA_Floor2,TypeB
1029,2025-04-12T09:04:11.000Z,34.67,79.51,BuildingB_Floor2,TypeA
1004,2025-04-11T07:52:08.000Z,26.04,37.71,BuildingA_Floor2,TypeB
1077,2025-04-11T03:38:30.000Z,23.48,57.7,BuildingA_Floor1,TypeA
1081,2025-04-10T02:41:16.000Z,17.3,49.71,BuildingA_Floor2,TypeC
1054,2025-04-09T03:12:25.000Z,24.99,33.14,BuildingB_Floor1,TypeA
1035,2025-04-11T06:42:32.000Z,18.3,68.01,BuildingA_Floor1,TypeC
1051,2025-04-13T08:56:06.000Z,24.27,56.06,BuildingA_Floor2,TypeB
1055,2025-04-11T14:44:23.000Z,31.97,67.62,BuildingB_Floor2,TypeC
1070,2025-04-13T08:28:13.000Z,19.04,71.81,BuildingB_Floor1,TypeA
1063,2025-04-10T18:30:26.000Z,33.65,46.24,BuildingB_Floor1,TypeB
1007,2025-04-10T13:40:34.000Z,27.28,67.66,BuildingB_Floor2,TypeC
1061,2025-04-13T12:07:21.000Z,30.93,51.54,BuildingA_Floor1,TypeB
1080,2025-04-12T13:26:05.000Z,26.97,61.26,BuildingA_Floor2,TypeB
1079,2025-04-13T17:12:01.000Z,26.35,52.14,BuildingB_Floor2,TypeC
1022,2025-04-11T03:31:44.000Z,34.28,37.78,BuildingA_Floor1,TypeA
1016,2025-04-10T16:36:04.000Z,28.23,67.44,BuildingB_Floor2,TypeA
1098,2025-04-10T20:34:47.000Z,27.58,32.75,BuildingB_Floor1,TypeA
1089,2025-04-13T02:40:31.000Z,17.13,69.26,BuildingB_Floor2,TypeC
1070,2025-04-12T07:48:31.000Z,19.67,35.98,BuildingA_Floor1,TypeB
1026,2025-04-10T19:56:01.000Z,17.86,66.29,BuildingA_Floor2,TypeB
1007,2025-04-11T05:16:17.000Z,24.36,61.08,BuildingB_Floor1,TypeA
1082,2025-04-11T19:12:38.000Z,25.1,65.68,BuildingB_Floor2,TypeC
1076,2025-04-10T14:19:15.000Z,27.77,75.4,BuildingA_Floor2,TypeB
1042,2025-04-13T03:08:47.000Z,18.05,43.67,BuildingA_Floor2,TypeA
1072,2025-04-13T06:03:29.000Z,32.92,50.86,BuildingB_Floor1,TypeC
1061,2025-04-09T03:10:24.000Z,34.02,49.66,BuildingB_Floor2,TypeA
1000,2025-04-12T03:00:09.000Z,34.56,54.51,BuildingA_Floor1,TypeA
1021,2025-04-11T12:03:12.000Z,31.74,66.8,BuildingA_Floor1,TypeB
1034,2025-04-11T05:21:51.000Z,28.36,54.13,BuildingB_Floor1,TypeA
1016,2025-04-12T20:30:29.000Z,27.33,46.6,BuildingB_Floor1,TypeC
1046,2025-04-12T19:53:22.000Z,19.33,74.33,BuildingB_Floor1,TypeC
1043,2025-04-09T08:52:38.000Z,21.56,54.48,BuildingB_Floor1,TypeB
1043,2025-04-13T16:21:51.000Z,31.11,34.93,BuildingA_Floor1,TypeB
1047,2025-04-13T05:53:51.000Z,16.53,32.27,BuildingB_Floor2,TypeC
1050,2025-04-09T08:31:54.000Z,30.09,35.39,BuildingA_Floor2,TypeC
1076,2025-04-11T15:50:52.000Z,23.2,56.05,BuildingA_Floor1,TypeC
1004,2025-04-10T02:37:50.000Z,32.44,41.47,BuildingA_Floor1,TypeC
1096,2025-04-13T03:48:49.000Z,16.91,54.27,BuildingA_Floor2,TypeC
1033,2025-04-11T04:47:57.000Z,24.83,38.42,BuildingA_Floor2,TypeC
1056,2025-04-10T21:55:00.000Z,25.7,56.46,BuildingA_Floor2,TypeB
1056,2025-04-12T21:13:26.000Z,22.87,72.08,BuildingA_Floor2,TypeC
1039,2025-04-13T01:12:15.000Z,31.63,39.05,BuildingB_Floor2,TypeC
1036,2025-04-11T05:16:13.000Z,27.4,64.8,BuildingB_Floor1,TypeA
1059,2025-04-12T02:28:37.000Z,30.99,66.61,BuildingB_Floor1,TypeB
1094,2025-04-13T00:13:40.000Z,20.25,77.27,BuildingB_Floor2,TypeC
1073,2025-04-12T02:41:54.000Z,21.79,56.88,BuildingA_Floor1,TypeA
1071,2025-04-09T08:20:58.000Z,34.97,75.64,BuildingB_Floor1,TypeA
1039,2025-04-12T14:34:57.000Z,32.44,69.85,BuildingA_Floor1,TypeA
1065,2025-04-13T05:13:54.000Z,24.33,72.68,BuildingB_Floor1,TypeC
1030,2025-04-10T04:15:03.000Z,20.19,65.36,BuildingB_Floor2,TypeA
1015,2025-04-10T18:55:46.000Z,23.82,76.94,BuildingA_Floor1,TypeB
1072,2025-04-13T19:02:31.000Z,21.49,71.48,BuildingA_Floor1,TypeC
1067,2025-04-09T09:12:30.000Z,32.63,67.74,BuildingB_Floor1,TypeB
1059,2025-04-11T04:40:49.000Z,23.78,76.5,BuildingA_Floor1,TypeC
1079,2025-04-09T14:10:41.000Z,34.24,53.36,BuildingA_Floor2,TypeA
1036,2025-04-12T10:20:59.000Z,22.66,61.19,BuildingA_Floor1,TypeC
1031,2025-04-12T01:20:29.000Z,21.54,68.42,BuildingA_Floor2,TypeC
1037,2025-04-11T09:55:16.000Z,30.01,40.34,BuildingA_Floor1,TypeC
1094,2025-04-09T05:43:00.000Z,20.27,59.71,BuildingA_Floor1,TypeA
1097,2025-04-11T13:23:51.000Z,23.67,76.68,BuildingB_Floor1,TypeC
1036,2025-04-12T07:56:14.000Z,18.74,76.85,BuildingA_Floor2,TypeC
1025,2025-04-12T17:53:40.000Z,28.61,70.49,BuildingB_Floor1,TypeC
1006,2025-04-13T06:11:08.000Z,19.82,59.47,BuildingA_Floor2,TypeB
1098,2025-04-12T06:07:40.000Z,26.85,51.91,BuildingB_Floor2,TypeA
1089,2025-04-13T22:49:13.000Z,32.23,69.31,BuildingA_Floor2,TypeC
1055,2025-04-09T06:24:17.000Z,34.45,34.42,BuildingB_Floor1,TypeA
1042,2025-04-11T01:49:49.000Z,33.76,62.53,BuildingA_Floor1,TypeB
1019,2025-04-13T22:29:03.000Z,25.75,34.07,BuildingB_Floor2,TypeA
1023,2025-04-10T19:31:03.000Z,28.36,77.48,BuildingB_Floor2,TypeA
1073,2025-04-09T08:57:27.000Z,16.68,39.65,BuildingA_Floor1,TypeB
1033,2025-04-10T07:16:08.000Z,23.68,38.08,BuildingA_Floor2,TypeB
1036,2025-04-12T04:09:49.000Z,19.69,60.43,BuildingB_Floor2,TypeC
1071,2025-04-10T08:57:18.000Z,22.72,43.05,BuildingA_Floor1,TypeB
1087,2025-04-10T13:19:50.000Z,19.42,66.67,BuildingB_Floor2,TypeC
1058,2025-04-10T16:45:21.000Z,17.26,55.02,BuildingA_Floor1,TypeA
1006,2025-04-09T21:46:05.000Z,21.96,68.25,BuildingB_Floor1,TypeC
1089,2025-04-09T04:44:46.000Z,33.69,32.88,BuildingA_Floor1,TypeB
1023,2025-04-12T18:05:35.000Z,20.69,33.49,BuildingB_Floor2,TypeA
1004,2025-04-13T10:15:21.000Z,25.42,73.43,BuildingB_Floor2,TypeC
1015,2025-04-13T03:38:30.000Z,29.09,70.97,BuildingB_Floor1,TypeA
1046,2025-04-09T04:53:22.000Z,17.31,58.85,BuildingA_Floor2,TypeA
1026,2025-04-12T17:04:18.000Z,31.48,46.65,BuildingB_Floor2,TypeA
1010,2025-04-11T07:14:07.000Z,20.97,44.72,BuildingA_Floor2,TypeA
1012,2025-04-12T08:33:23.000Z,33.65,69.14,BuildingA_Floor2,TypeB
1084,2025-04-13T01:43:21.000Z,34.96,66.88,BuildingA_Floor2,TypeB
1039,2025-04-13T22:05:44.000Z,27.92,55.15,BuildingB_Floor1,TypeC
1091,2025-04-11T07:49:04.000Z,15.02,48.43,BuildingA_Floor1,TypeC
1016,2025-04-11T05:36:25.000Z,18.63,47.55,BuildingB_Floor2,TypeB
1079,2025-04-09T20:52:54.000Z,33.4,33.07,BuildingA_Floor1,TypeB
1025,2025-04-09T22:16:53.000Z,26.0,46.7,BuildingA_Floor1,TypeC
1028,2025-04-09T19:39:38.000Z,34.38,75.52,BuildingB_Floor2,TypeB
1071,2025-04-09T03:14:40.000Z,34.96,49.66,BuildingB_Floor1,TypeA
1044,2025-04-12T01:29:07.000Z,34.61,64.91,BuildingB_Floor2,TypeC
1073,2025-04-13T14:11:32.000Z,21.45,68.36,BuildingA_Floor1,TypeB
1078,2025-04-11T00:02:47.000Z,19.16,36.03,BuildingA_Floor1,TypeB
1047,2025-04-11T04:49:30.000Z,30.78,44.8,BuildingB_Floor2,TypeA
1019,2025-04-09T20:20:10.000Z,16.16,58.93,BuildingB_Floor2,TypeB
1094,2025-04-10T05:43:11.000Z,25.16,76.54,BuildingB_Floor2,TypeA
1009,2025-04-10T14:45:33.000Z,17.72,63.68,BuildingB_Floor2,TypeA
1031,2025-04-12T19:18:46.000Z,17.26,30.02,BuildingA_Floor1,TypeB
1011,2025-04-09T19:10:35.000Z,32.9,55.97,BuildingB_Floor2,TypeA
1013,2025-04-10T06:07:28.000Z,29.83,72.9,BuildingB_Floor2,TypeA
1077,2025-04-11T13:27:55.000Z,22.45,55.41,BuildingB_Floor1,TypeC
1073,2025-04-13T21:12:05.000Z,27.13,58.26,BuildingB_Floor2,TypeA
1077,2025-04-10T16:33:09.000Z,33.95,55.19,BuildingA_Floor1,TypeB
1021,2025-04-13T01:29:07.000Z,23.07,59.84,BuildingA_Floor1,TypeB
1078,2025-04-13T01:29:42.000Z,34.36,57.54,BuildingA_Floor2,TypeB
1054,2025-04-13T18:25:19.000Z,25.08,46.84,BuildingB_Floor1,TypeB
1033,2025-04-09T11:58:38.000Z,22.4,42.97,BuildingB_Floor1,TypeB
1091,2025-04-10T15:31:19.000Z,23.15,72.86,BuildingA_Floor1,TypeA
1036,2025-04-09T13:41:57.000Z,18.64,64.92,BuildingA_Floor1,TypeC
1010,2025-04-09T19:49:27.000Z,18.73,33.48,BuildingB_Floor2,TypeB
1016,2025-04-11T09:49:37.000Z,15.26,41.6,BuildingA_Floor1,TypeA
1056,2025-04-09T05:40:07.000Z,17.05,51.22,BuildingB_Floor1,TypeA
1050,2025-04-12T03:50:30.000Z,30.09,76.43,BuildingB_Floor1,TypeB
1046,2025-04-11T23:44:14.000Z,26.87,36.46,BuildingB_Floor1,TypeC
1051,2025-04-09T05:23:54.000Z,22.62,65.49,BuildingB_Floor2,TypeB
1096,2025-04-13T21:19:05.000Z,25.06,36.58,BuildingB_Floor1,TypeC
1055,2025-04-13T00:13:59.000Z,33.92,71.26,BuildingB_Floor2,TypeC
1035,2025-04-09T14:49:47.000Z,21.25,36.47,BuildingA_Floor2,TypeC
1089,2025-04-11T08:36:04.000Z,33.17,67.12,BuildingA_Floor1,TypeB
1054,2025-04-10T16:28:48.000Z,34.82,49.32,BuildingB_Floor1,TypeA
1056,2025-04-09T13:00:48.000Z,15.1,36.68,BuildingA_Floor2,TypeA
1028,2025-04-11T14:20:16.000Z,24.68,57.09,BuildingB_Floor1,TypeB
1084,2025-04-13T14:22:13.000Z,29.49,78.52,BuildingA_Floor1,TypeB
1096,2025-04-10T02:36:57.000Z,20.79,43.1,BuildingA_Floor1,TypeC
1021,2025-04-13T13:35:59.000Z,19.05,44.5,BuildingB_Floor1,TypeC
1098,2025-04-11T07:54:01.000Z,20.12,62.6,BuildingB_Floor1,TypeA
1032,2025-04-12T17:22:52.000Z,27.16,40.11,BuildingB_Floor2,TypeB
1005,2025-04-12T15:18:49.000Z,29.8,45.92,BuildingA_Floor2,TypeB
1036,2025-04-10T19:06:36.000Z,33.69,32.95,BuildingB_Floor2,TypeC
1017,2025-04-12T14:16:25.000Z,27.39,79.73,BuildingB_Floor2,TypeA
1029,2025-04-11T09:11:57.000Z,19.4,62.94,BuildingB_Floor2,TypeB
1014,2025-04-10T08:27:30.000Z,20.97,59.44,BuildingA_Floor2,TypeB
1015,2025-04-09T22:02:13.000Z,19.84,57.37,BuildingB_Floor1,TypeA
1003,2025-04-12T08:36:15.000Z,28.1,44.86,BuildingB_Floor1,TypeA
1080,2025-04-10T19:42:55.000Z,16.29,66.53,BuildingA_Floor1,TypeB
1046,2025-04-12T22:03:00.000Z,30.33,57.8,BuildingB_Floor1,TypeB
1014,2025-04-12T23:08:20.000Z,33.98,38.53,BuildingA_Floor1,TypeC
1072,2025-04-09T17:12:07.000Z,33.81,70.88,BuildingA_Floor2,TypeC
1087,2025-04-13T03:38:16.000Z,29.94,65.87,BuildingB_Floor1,TypeB
1033,2025-04-10T11:22:25.000Z,21.86,56.03,BuildingB_Floor1,TypeB
1062,2025-04-10T23:41:10.000Z,16.78,65.05,BuildingB_Floor2,TypeA
1064,2025-04-13T11:26:31.000Z,22.09,46.12,BuildingA_Floor1,TypeA
1005,2025-04-12T11:53:00.000Z,22.8,55.44,BuildingA_Floor1,TypeB
1090,2025-04-12T06:16:33.000Z,23.08,32.67,BuildingB_Floor2,TypeA
1030,2025-04-11T13:36:48.000Z,16.05,48.26,BuildingB_Floor1,TypeC
1009,2025-04-12T20:09:47.000Z,30.25,65.03,BuildingA_Floor1,TypeA
1039,2025-04-09T01:25:35.000Z,25.23,70.99,BuildingA_Floor1,TypeA
1028,2025-04-12T12:09:57.000Z,32.76,75.08,BuildingA_Floor1,TypeB
1099,2025-04-13T17:40:52.000Z,30.39,64.62,BuildingB_Floor1,TypeC
1054,2025-04-12T17:38:27.000Z,25.66,79.01,BuildingA_Floor2,TypeA
1078,2025-04-10T13:29:45.000Z,22.35,65.14,BuildingA_Floor1,TypeA
1041,2025-04-12T23:25:32.000Z,26.83,50.67,BuildingB_Floor1,TypeA
1096,2025-04-11T23:51:58.000Z,15.77,65.46,BuildingB_Floor2,TypeC
1027,2025-04-09T13:55:38.000Z,33.62,69.62,BuildingB_Floor2,TypeB
1087,2025-04-11T23:27:25.000Z,21.16,71.61,BuildingA_Floor2,TypeB
1041,2025-04-09T01:15:16.000Z,30.0,60.72,BuildingB_Floor2,TypeA
1024,2025-04-10T15:32:15.000Z,16.91,63.65,BuildingA_Floor1,TypeB
1085,2025-04-13T09:03:46.000Z,22.36,72.73,BuildingA_Floor2,TypeC
1089,2025-04-13T17:18:15.000Z,33.56,65.57,BuildingA_Floor2,TypeA
1052,2025-04-13T06:08:21.000Z,32.0,55.16,BuildingB_Floor1,TypeC
1089,2025-04-10T06:57:42.000Z,28.0,32.48,BuildingA_Floor2,TypeC
1094,2025-04-12T10:45:16.000Z,15.41,76.31,BuildingA_Floor2,TypeA
1056,2025-04-09T07:01:26.000Z,21.75,52.64,BuildingB_Floor2,TypeA
1058,2025-04-11T01:23:11.000Z,18.64,33.35,BuildingB_Floor1,TypeC
1092,2025-04-12T20:18:03.000Z,28.66,30.65,BuildingB_Floor2,TypeC
1020,2025-04-13T23:57:01.000Z,23.08,65.68,BuildingB_Floor1,TypeB
1041,2025-04-13T18:38:40.000Z,33.59,37.97,BuildingA_Floor2,TypeA
1070,2025-04-11T09:56:30.000Z,24.76,34.61,BuildingA_Floor1,TypeC
1023,2025-04-09T12:50:17.000Z,18.65,67.99,BuildingB_Floor2,TypeA
1037,2025-04-11T02:18:47.000Z,34.93,69.34,BuildingA_Floor2,TypeA
1037,2025-04-10T01:08:02.000Z,22.96,54.87,BuildingA_Floor2,TypeA
1082,2025-04-13T10:23:35.000Z,17.44,76.25,BuildingA_Floor2,TypeA
1052,2025-04-10T07:45:29.000Z,31.42,61.78,BuildingB_Floor2,TypeB
1078,2025-04-10T13:56:58.000Z,24.74,48.51,BuildingB_Floor2,TypeB
1012,2025-04-11T16:46:08.000Z,21.59,41.05,BuildingA_Floor1,TypeC
1060,2025-04-11T07:10:33.000Z,26.66,70.18,BuildingA_Floor2,TypeC
1063,2025-04-12T23:10:04.000Z,21.92,66.13,BuildingB_Floor2,TypeA
1094,2025-04-11T23:05:36.000Z,22.88,77.06,BuildingA_Floor1,TypeA
1073,2025-04-11T12:20:23.000Z,19.33,39.11,BuildingA_Floor1,TypeA
1038,2025-04-12T20:30:57.000Z,21.41,61.48,BuildingB_Floor1,TypeC
1071,2025-04-13T19:06:32.000Z,25.01,53.07,BuildingA_Floor2,TypeA
1094,2025-04-10T10:20:22.000Z,23.23,53.35,BuildingA_Floor1,TypeA
1048,2025-04-09T21:55:25.000Z,32.31,61.98,BuildingA_Floor1,TypeC
1084,2025-04-10T14:24:21.000Z,32.01,60.35,BuildingA_Floor2,TypeC
1098,2025-04-10T01:48:55.000Z,30.69,68.6,BuildingA_Floor2,TypeB
1093,2025-04-10T19:46:42.000Z,21.44,68.25,BuildingB_Floor1,TypeC
1046,2025-04-11T22:48:44.000Z,29.84,40.86,BuildingA_Floor1,TypeB
1047,2025-04-10T16:38:04.000Z,21.49,61.66,BuildingB_Floor1,TypeA
1061,2025-04-12T20:30:05.000Z,19.25,68.32,BuildingB_Floor2,TypeB
1070,2025-04-13T12:55:05.000Z,19.09,62.4,BuildingA_Floor2,TypeC
1051,2025-04-10T16:57:05.000Z,25.15,77.97,BuildingB_Floor1,TypeA
1076,2025-04-09T23:54:18.000Z,23.51,32.65,BuildingA_Floor2,TypeC
1005,2025-04-13T05:22:57.000Z,27.71,51.93,BuildingB_Floor2,TypeC
1016,2025-04-12T08:17:40.000Z,18.45,75.91,BuildingB_Floor2,TypeA
1009,2025-04-09T10:45:35.000Z,22.67,36.16,BuildingA_Floor2,TypeA
1032,2025-04-11T14:41:26.000Z,21.48,59.55,BuildingA_Floor2,TypeC
1027,2025-04-10T06:22:48.000Z,22.74,33.54,BuildingB_Floor2,TypeA
1067,2025-04-12T12:10:15.000Z,22.68,38.34,BuildingB_Floor2,TypeC
1020,2025-04-09T16:04:21.000Z,28.39,36.23,BuildingA_Floor2,TypeC
1066,2025-04-10T15:58:36.000Z,16.08,43.25,BuildingA_Floor1,TypeC
1025,2025-04-11T06:36:32.000Z,21.99,68.04,BuildingB_Floor2,TypeC
1058,2025-04-12T16:30:56.000Z,32.99,73.85,BuildingB_Floor2,TypeB
1031,2025-04-09T03:05:19.000Z,21.95,71.93,BuildingA_Floor1,TypeB
1073,2025-04-12T00:52:58.000Z,34.5,71.3,BuildingA_Floor1,TypeA
1053,2025-04-12T13:13:50.000Z,17.81,74.42,BuildingB_Floor2,TypeC
1001,2025-04-10T08:07:56.000Z,31.15,47.44,BuildingB_Floor1,TypeA
1008,2025-04-11T14:42:28.000Z,32.84,35.79,BuildingB_Floor1,TypeB
1015,2025-04-12T12:40:44.000Z,27.3,74.24,BuildingA_Floor1,TypeB
1045,2025-04-10T16:02:57.000Z,19.83,69.51,BuildingB_Floor2,TypeB
1053,2025-04-13T19:18:48.000Z,26.31,66.0,BuildingB_Floor2,TypeA
1045,2025-04-12T06:56:13.000Z,23.09,65.53,BuildingB_Floor1,TypeC
1038,2025-04-12T21:16:00.000Z,25.19,40.18,BuildingA_Floor2,TypeC
1019,2025-04-12T21:33:27.000Z,27.17,74.57,BuildingA_Floor1,TypeB
1069,2025-04-09T19:06:50.000Z,32.03,53.6,BuildingB_Floor2,TypeA
1100,2025-04-12T14:51:39.000Z,33.5,51.44,BuildingB_Floor2,TypeA
1005,2025-04-12T11:04:53.000Z,21.3,63.62,BuildingB_Floor1,TypeB
1014,2025-04-13T11:14:26.000Z,32.45,45.15,BuildingA_Floor2,TypeA
1089,2025-04-11T03:49:04.000Z,31.06,31.42,BuildingB_Floor1,TypeB
1022,2025-04-10T05:36:20.000Z,17.32,76.78,BuildingA_Floor2,TypeC
1073,2025-04-09T06:37:49.000Z,26.16,72.55,BuildingA_Floor2,TypeB
1047,2025-04-12T18:46:10.000Z,26.68,68.13,BuildingA_Floor2,TypeA
1032,2025-04-11T18:34:06.000Z,24.71,49.03,BuildingA_Floor2,TypeA
1017,2025-04-12T20:33:40.000Z,25.34,47.53,BuildingA_Floor1,TypeB
1081,2025-04-11T04:41:41.000Z,17.06,62.02,BuildingA_Floor1,TypeB
1038,2025-04-09T19:27:54.000Z,21.55,78.25,BuildingB_Floor1,TypeB
1021,2025-04-12T12:24:32.000Z,25.06,53.99,BuildingB_Floor2,TypeB
1049,2025-04-09T21:08:25.000Z,33.84,32.72,BuildingB_Floor1,TypeA
1090,2025-04-09T15:42:09.000Z,19.52,37.54,BuildingA_Floor2,TypeB
1073,2025-04-10T12:40:28.000Z,22.21,63.34,BuildingA_Floor1,TypeC
1094,2025-04-09T18:48:56.000Z,26.6,76.71,BuildingB_Floor1,TypeC
1057,2025-04-11T08:53:54.000Z,34.47,64.39,BuildingB_Floor1,TypeB
1041,2025-04-11T00:35:07.000Z,31.79,34.12,BuildingB_Floor1,TypeB
1038,2025-04-11T16:40:30.000Z,23.06,54.71,BuildingB_Floor2,TypeA
1091,2025-04-12T23:30:34.000Z,15.26,36.41,BuildingB_Floor2,TypeB
1092,2025-04-13T04:34:34.000Z,20.55,39.92,BuildingA_Floor1,TypeC
1016,2025-04-12T00:42:01.000Z,18.79,75.82,BuildingB_Floor2,TypeB
1074,2025-04-13T19:59:54.000Z,20.29,63.09,BuildingA_Floor1,TypeB
1098,2025-04-11T21:03:54.000Z,21.99,32.16,BuildingB_Floor2,TypeC
1047,2025-04-13T18:25:16.000Z,33.99,53.84,BuildingB_Floor2,TypeC
1029,2025-04-12T14:37:09.000Z,15.54,44.45,BuildingA_Floor2,TypeC
1022,2025-04-09T18:33:02.000Z,33.34,73.14,BuildingA_Floor2,TypeA
1094,2025-04-10T06:51:03.000Z,24.4,54.2,BuildingA_Floor2,TypeC
1036,2025-04-13T17:35:05.000Z,28.94,36.42,BuildingA_Floor1,TypeC
1092,2025-04-09T06:26:26.000Z,18.11,55.13,BuildingA_Floor2,TypeA
1087,2025-04-11T14:15:36.000Z,20.18,34.44,BuildingB_Floor1,TypeB
1017,2025-04-09T16:06:44.000Z,25.43,45.89,BuildingA_Floor1,TypeC
1026,2025-04-11T17:37:41.000Z,25.57,57.87,BuildingA_Floor2,TypeA
1046,2025-04-12T00:48:08.000Z,33.4,73.15,BuildingB_Floor2,TypeC
1079,2025-04-10T13:18:30.000Z,15.97,65.8,BuildingB_Floor1,TypeB
1089,2025-04-13T05:34:32.000Z,17.75,45.65,BuildingA_Floor1,TypeC
1000,2025-04-13T05:35:06.000Z,25.54,34.92,BuildingB_Floor2,TypeA
1021,2025-04-13T00:08:51.000Z,15.56,47.55,BuildingA_Floor1,TypeC
1020,2025-04-10T03:10:18.000Z,28.7,76.45,BuildingB_Floor2,TypeB
1063,2025-04-13T01:44:18.000Z,17.06,46.71,BuildingB_Floor2,TypeA
1035,2025-04-12T09:26:02.000Z,24.47,31.05,BuildingB_Floor2,TypeC
1055,2025-04-09T22:09:56.000Z,21.62,34.24,BuildingB_Floor1,TypeA
1081,2025-04-11T05:34:54.000Z,31.1,39.23,BuildingA_Floor2,TypeC
1039,2025-04-09T23:53:42.000Z,31.82,45.85,BuildingB_Floor2,TypeB
1062,2025-04-09T18:49:33.000Z,32.39,75.41,BuildingB_Floor1,TypeC
1000,2025-04-10T18:18:49.000Z,24.44,30.03,BuildingA_Floor1,TypeC
1025,2025-04-12T05:43:50.000Z,30.92,65.68,BuildingA_Floor2,TypeC
1000,2025-04-09T17:51:43.000Z,33.22,59.02,BuildingA_Floor1,TypeA
1041,2025-04-09T23:35:37.000Z,27.88,34.04,BuildingB_Floor1,TypeB
1019,2025-04-12T19:09:18.000Z,19.53,57.68,BuildingB_Floor1,TypeB
1022,2025-04-09T00:57:34.000Z,32.38,78.54,BuildingB_Floor2,TypeA
1019,2025-04-10T05:03:07.000Z,32.53,44.67,BuildingB_Floor2,TypeA
1001,2025-04-11T18:02:14.000Z,34.64,74.06,BuildingB_Floor2,TypeB
1021,2025-04-12T00:47:11.000Z,17.88,49.84,BuildingA_Floor1,TypeB
1018,2025-04-12T20:09:43.000Z,18.23,50.63,BuildingB_Floor2,TypeC
1009,2025-04-11T03:06:09.000Z,32.99,31.52,BuildingA_Floor2,TypeA
1095,2025-04-11T19:27:52.000Z,15.4,43.54,BuildingB_Floor1,TypeB
1072,2025-04-12T00:16:07.000Z,29.79,55.89,BuildingA_Floor1,TypeB
1019,2025-04-12T15:48:08.000Z,16.46,65.16,BuildingA_Floor1,TypeA
1034,2025-04-12T08:38:31.000Z,26.81,45.57,BuildingB_Floor2,TypeC
1080,2025-04-09T14:30:25.000Z,20.69,39.05,BuildingA_Floor2,TypeB
1008,2025-04-13T20:57:09.000Z,31.49,51.14,BuildingB_Floor2,TypeC
1000,2025-04-13T01:12:38.000Z,23.23,74.88,BuildingB_Floor1,TypeA
1017,2025-04-09T12:21:39.000Z,31.71,38.11,BuildingB_Floor2,TypeC
1098,2025-04-09T14:58:39.000Z,15.18,30.77,BuildingA_Floor2,TypeC
1059,2025-04-12T10:20:13.000Z,32.95,52.62,BuildingA_Floor1,TypeA
1046,2025-04-12T02:08:35.000Z,23.05,70.7,BuildingA_Floor2,TypeA
1099,2025-04-13T18:36:47.000Z,21.11,31.57,BuildingA_Floor2,TypeA
1063,2025-04-09T02:15:59.000Z,23.15,49.75,BuildingA_Floor2,TypeC
1061,2025-04-12T08:40:04.000Z,24.95,46.95,BuildingA_Floor2,TypeA
1062,2025-04-10T00:45:21.000Z,22.48,72.3,BuildingA_Floor2,TypeA
1050,2025-04-10T14:03:06.000Z,29.96,47.28,BuildingA_Floor2,TypeA
1021,2025-04-12T20:15:11.000Z,34.53,59.18,BuildingA_Floor1,TypeA
1058,2025-04-10T13:17:33.000Z,32.68,75.99,BuildingA_Floor2,TypeA
1029,2025-04-13T08:34:36.000Z,19.66,62.49,BuildingA_Floor2,TypeA
1011,2025-04-09T02:10:23.000Z,22.59,73.01,BuildingA_Floor1,TypeB
1003,2025-04-10T07:30:52.000Z,21.17,39.82,BuildingB_Floor1,TypeC
1055,2025-04-11T11:56:09.000Z,18.05,71.51,BuildingB_Floor2,TypeB
1093,2025-04-09T13:38:43.000Z,29.9,42.18,BuildingB_Floor1,TypeB
1058,2025-04-13T15:07:43.000Z,22.53,62.6,BuildingA_Floor2,TypeB
1021,2025-04-09T18:13:28.000Z,15.55,46.28,BuildingA_Floor1,TypeC
1071,2025-04-11T15:53:49.000Z,32.8,53.19,BuildingB_Floor1,TypeB
1039,2025-04-09T18:18:13.000Z,29.02,57.78,BuildingB_Floor1,TypeC
1009,2025-04-11T03:34:28.000Z,22.58,42.28,BuildingA_Floor2,TypeC
1025,2025-04-09T18:21:06.000Z,29.66,77.9,BuildingB_Floor2,TypeC
1027,2025-04-09T06:48:31.000Z,33.47,33.45,BuildingA_Floor2,TypeA
1089,2025-04-11T16:28:53.000Z,18.15,78.37,BuildingB_Floor2,TypeA
1064,2025-04-09T05:55:59.000Z,16.3,40.77,BuildingB_Floor1,TypeA
1070,2025-04-12T03:10:10.000Z,21.39,52.58,BuildingA_Floor2,TypeC
1087,2025-04-13T03:43:45.000Z,32.12,43.2,BuildingA_Floor1,TypeC
1063,2025-04-10T11:36:10.000Z,17.38,34.97,BuildingB_Floor2,TypeB
1030,2025-04-11T21:41:58.000Z,15.93,71.61,BuildingB_Floor1,TypeC
1062,2025-04-13T17:39:19.000Z,34.29,48.72,BuildingB_Floor1,TypeC
1074,2025-04-09T14:49:02.000Z,28.43,54.48,BuildingB_Floor1,TypeB
1044,2025-04-12T13:28:25.000Z,15.95,35.22,BuildingA_Floor2,TypeA
1021,2025-04-10T18:27:38.000Z,24.83,41.36,BuildingA_Floor2,TypeC
1061,2025-04-13T21:44:02.000Z,26.99,75.04,BuildingA_Floor2,TypeC
1054,2025-04-14T00:25:23.000Z,29.63,79.88,BuildingA_Floor2,TypeB
1027,2025-04-13T06:43:34.000Z,19.14,43.13,BuildingB_Floor2,TypeC
1023,2025-04-12T06:32:56.000Z,15.33,61.46,BuildingB_Floor1,TypeA
1020,2025-04-11T18:38:11.000Z,16.11,39.99,BuildingB_Floor2,TypeB
1010,2025-04-13T05:01:01.000Z,21.77,74.37,BuildingB_Floor1,TypeA
1086,2025-04-12T04:13:42.000Z,22.59,37.83,BuildingB_Floor2,TypeB
1096,2025-04-10T20:23:17.000Z,26.84,41.76,BuildingA_Floor2,TypeC
1001,2025-04-11T01:51:04.000Z,28.45,64.41,BuildingB_Floor2,TypeB
1042,2025-04-10T07:39:07.000Z,32.66,39.07,BuildingB_Floor2,TypeC
1018,2025-04-13T11:21:02.000Z,22.38,31.2,BuildingA_Floor1,TypeC
1023,2025-04-11T01:26:25.000Z,25.4,43.83,BuildingB_Floor2,TypeA
1025,2025-04-09T22:58:36.000Z,22.6,38.04,BuildingA_Floor2,TypeB
1087,2025-04-11T18:23:26.000Z,29.48,35.84,BuildingA_Floor1,TypeA
1065,2025-04-10T18:42:38.000Z,15.17,64.72,BuildingB_Floor2,TypeC
1036,2025-04-11T02:00:39.000Z,20.73,75.56,BuildingB_Floor1,TypeB
1092,2025-04-12T19:16:52.000Z,21.65,79.7,BuildingB_Floor2,TypeA
1005,2025-04-12T21:41:23.000Z,25.13,78.02,BuildingB_Floor2,TypeA
1053,2025-04-11T17:35:42.000Z,25.39,74.37,BuildingA_Floor2,TypeC
1006,2025-04-09T21:41:46.000Z,18.26,44.14,BuildingA_Floor2,TypeC
1056,2025-04-09T18:32:07.000Z,22.8,58.94,BuildingA_Floor2,TypeB
1079,2025-04-10T16:36:01.000Z,17.39,69.79,BuildingA_Floor1,TypeB
1038,2025-04-10T00:55:46.000Z,20.79,78.96,BuildingB_Floor1,TypeB
1033,2025-04-11T19:42:59.000Z,31.55,75.68,BuildingA_Floor1,TypeC
1099,2025-04-13T17:03:07.000Z,18.9,43.62,BuildingA_Floor2,TypeB
1059,2025-04-11T00:23:33.000Z,23.74,77.71,BuildingA_Floor1,TypeC
1057,2025-04-13T20:01:36.000Z,15.62,32.34,BuildingA_Floor1,TypeB
1059,2025-04-09T19:57:23.000Z,34.87,53.27,BuildingB_Floor2,TypeB
1080,2025-04-11T11:26:49.000Z,21.88,71.4,BuildingA_Floor1,TypeC
1027,2025-04-11T06:55:25.000Z,22.54,44.63,BuildingB_Floor2,TypeA
1097,2025-04-09T23:10:58.000Z,18.79,51.32,BuildingA_Floor1,TypeA
1059,2025-04-12T21:27:33.000Z,30.33,42.53,BuildingB_Floor1,TypeB
1022,2025-04-13T20:46:48.000Z,19.38,32.22,BuildingA_Floor2,TypeC
1052,2025-04-10T19:03:06.000Z,33.2,63.12,BuildingA_Floor2,TypeC
1081,2025-04-12T17:47:33.000Z,33.73,35.93,BuildingB_Floor1,TypeA
1026,2025-04-13T07:23:11.000Z,20.2,66.48,BuildingA_Floor1,TypeC
1094,2025-04-13T12:02:39.000Z,17.3,41.4,BuildingA_Floor1,TypeB
1096,2025-04-11T02:21:02.000Z,22.38,50.61,BuildingA_Floor2,TypeC
1017,2025-04-13T13:46:40.000Z,23.23,39.7,BuildingA_Floor2,TypeC
1038,2025-04-13T07:32:30.000Z,26.83,39.27,BuildingB_Floor1,TypeA
1035,2025-04-13T16:20:00.000Z,27.6,56.34,BuildingB_Floor2,TypeC
1064,2025-04-13T16:35:36.000Z,32.09,30.45,BuildingA_Floor1,TypeC
1053,2025-04-11T00:56:01.000Z,24.51,44.11,BuildingA_Floor2,TypeC
1020,2025-04-11T03:16:41.000Z,26.64,69.87,BuildingB_Floor2,TypeC
1014,2025-04-12T22:36:42.000Z,15.47,53.1,BuildingB_Floor2,TypeA
1075,2025-04-13T01:49:29.000Z,29.5,61.59,BuildingB_Floor1,TypeA
1081,2025-04-09T19:54:13.000Z,18.75,47.93,BuildingA_Floor2,TypeB
1013,2025-04-10T08:34:51.000Z,31.78,51.86,BuildingB_Floor1,TypeC
1086,2025-04-12T12:34:17.000Z,26.54,51.51,BuildingB_Floor1,TypeC
1036,2025-04-10T09:37:10.000Z,32.36,61.86,BuildingB_Floor1,TypeC
1053,2025-04-12T03:24:17.000Z,19.4,71.26,BuildingB_Floor1,TypeA
1015,2025-04-09T11:11:02.000Z,31.25,37.49,BuildingB_Floor1,TypeA
1072,2025-04-10T01:15:30.000Z,23.21,64.87,BuildingB_Floor1,TypeA
1086,2025-04-10T19:12:00.000Z,21.61,45.65,BuildingB_Floor1,TypeC
1071,2025-04-11T12:38:31.000Z,23.91,62.76,BuildingA_Floor2,TypeC
1046,2025-04-11T03:38:56.000Z,20.83,37.62,BuildingA_Floor2,TypeB
1075,2025-04-12T07:04:37.000Z,18.52,49.92,BuildingA_Floor1,TypeC
1059,2025-04-13T00:09:52.000Z,24.73,63.3,BuildingA_Floor1,TypeA
1051,2025-04-09T10:23:54.000Z,20.61,71.49,BuildingA_Floor2,TypeA
1066,2025-04-13T15:44:13.000Z,22.12,67.21,BuildingB_Floor2,TypeC
1070,2025-04-11T23:49:04.000Z,30.67,66.59,BuildingB_Floor1,TypeC
1074,2025-04-11T01:49:31.000Z,20.66,44.98,BuildingB_Floor1,TypeB
1026,2025-04-09T22:14:48.000Z,18.88,49.41,BuildingB_Floor1,TypeA
1031,2025-04-12T01:35:36.000Z,20.83,55.39,BuildingB_Floor2,TypeB
1094,2025-04-12T00:45:58.000Z,32.19,48.83,BuildingA_Floor2,TypeA
1021,2025-04-09T04:28:10.000Z,16.77,63.5,BuildingB_Floor2,TypeB
1057,2025-04-09T16:32:10.000Z,34.57,44.01,BuildingB_Floor2,TypeA
1056,2025-04-13T23:19:17.000Z,23.39,72.63,BuildingB_Floor1,TypeB
1000,2025-04-13T07:14:31.000Z,32.18,34.09,BuildingA_Floor1,TypeB
1011,2025-04-11T17:33:32.000Z,15.89,42.69,BuildingB_Floor1,TypeA
1042,2025-04-11T11:53:27.000Z,33.16,63.8,BuildingB_Floor2,TypeB
1096,2025-04-09T22:26:38.000Z,30.18,75.24,BuildingA_Floor2,TypeC
1066,2025-04-10T19:06:12.000Z,30.56,75.45,BuildingB_Floor2,TypeA
1045,2025-04-13T10:31:59.000Z,16.27,61.03,BuildingA_Floor1,TypeA
1005,2025-04-12T16:04:48.000Z,28.5,61.92,BuildingB_Floor2,TypeA
1004,2025-04-12T09:51:30.000Z,28.87,41.96,BuildingB_Floor1,TypeA
1092,2025-04-13T12:46:30.000Z,28.07,31.77,BuildingB_Floor2,TypeA
1096,2025-04-09T04:28:00.000Z,31.07,58.91,BuildingB_Floor2,TypeA
1040,2025-04-12T09:35:32.000Z,18.44,35.3,BuildingA_Floor2,TypeA
1039,2025-04-11T05:57:30.000Z,18.54,50.68,BuildingB_Floor2,TypeA
1025,2025-04-12T00:59:00.000Z,33.31,59.05,BuildingB_Floor2,TypeB
1047,2025-04-11T07:00:17.000Z,29.1,66.51,BuildingB_Floor1,TypeA
1030,2025-04-10T11:00:23.000Z,22.62,74.3,BuildingA_Floor2,TypeA
1004,2025-04-11T21:27:12.000Z,20.32,39.63,BuildingA_Floor2,TypeB
1088,2025-04-11T19:38:28.000Z,33.93,77.87,BuildingB_Floor2,TypeA
1025,2025-04-13T00:06:49.000Z,22.03,78.58,BuildingA_Floor2,TypeB
1015,2025-04-09T14:01:52.000Z,22.55,79.64,BuildingA_Floor1,TypeB
1035,2025-04-13T02:17:15.000Z,25.52,48.16,BuildingB_Floor2,TypeA
1080,2025-04-12T06:20:01.000Z,28.44,34.13,BuildingB_Floor1,TypeA
1063,2025-04-10T23:37:27.000Z,27.37,61.5,BuildingB_Floor2,TypeB
1064,2025-04-09T06:29:19.000Z,31.85,64.46,BuildingA_Floor1,TypeB
1002,2025-04-10T03:51:29.000Z,22.61,39.71,BuildingB_Floor1,TypeB
1049,2025-04-11T10:07:02.000Z,31.53,31.37,BuildingA_Floor2,TypeB
1086,2025-04-12T11:25:52.000Z,20.74,68.45,BuildingA_Floor1,TypeA
1035,2025-04-09T21:10:34.000Z,19.18,69.08,BuildingB_Floor1,TypeA
1009,2025-04-12T21:06:28.000Z,31.45,48.8,BuildingA_Floor2,TypeC
1079,2025-04-13T22:02:37.000Z,23.81,54.01,BuildingB_Floor2,TypeC
1025,2025-04-13T19:07:59.000Z,31.31,72.24,BuildingA_Floor1,TypeA
1019,2025-04-12T04:48:06.000Z,32.99,50.22,BuildingB_Floor1,TypeA
1096,2025-04-12T00:16:09.000Z,30.05,75.04,BuildingB_Floor2,TypeC
1094,2025-04-09T15:51:43.000Z,17.86,42.68,BuildingA_Floor2,TypeC
1040,2025-04-13T19:34:06.000Z,27.04,30.77,BuildingB_Floor1,TypeC
1020,2025-04-12T02:47:33.000Z,15.16,55.26,BuildingA_Floor2,TypeB
1032,2025-04-10T19:54:03.000Z,25.26,70.57,BuildingA_Floor2,TypeB
1037,2025-04-09T03:57:16.000Z,30.29,60.7,BuildingB_Floor1,TypeA
1090,2025-04-12T16:27:00.000Z,20.82,37.51,BuildingB_Floor1,TypeB
1009,2025-04-10T15:08:10.000Z,26.76,47.2,BuildingB_Floor2,TypeC
1080,2025-04-11T03:11:44.000Z,26.97,75.28,BuildingA_Floor1,TypeB
1078,2025-04-10T13:28:48.000Z,20.74,71.97,BuildingA_Floor2,TypeA
1021,2025-04-09T14:56:00.000Z,20.58,50.5,BuildingB_Floor2,TypeA
1095,2025-04-12T19:24:00.000Z,19.65,65.33,BuildingB_Floor1,TypeB
1045,2025-04-10T09:10:48.000Z,15.84,53.55,BuildingB_Floor2,TypeC
1036,2025-04-13T13:57:37.000Z,21.32,62.81,BuildingA_Floor2,TypeB
1067,2025-04-09T14:33:05.000Z,28.43,60.35,BuildingB_Floor1,TypeB
1075,2025-04-13T21:52:16.000Z,29.03,69.46,BuildingB_Floor2,TypeC
1052,2025-04-10T17:32:36.000Z,34.2,38.78,BuildingB_Floor2,TypeA
1022,2025-04-13T03:55:34.000Z,22.57,62.46,BuildingA_Floor2,TypeA
1015,2025-04-11T11:24:41.000Z,25.33,74.83,BuildingB_Floor1,TypeB
1032,2025-04-11T14:42:47.000Z,21.84,64.57,BuildingA_Floor1,TypeA
1090,2025-04-11T14:47:28.000Z,31.36,51.85,BuildingB_Floor2,TypeC
1099,2025-04-11T00:48:50.000Z,27.68,47.06,BuildingA_Floor1,TypeC
1069,2025-04-11T12:19:12.000Z,22.28,72.01,BuildingA_Floor2,TypeA
1049,2025-04-09T16:01:24.000Z,16.0,48.53,BuildingB_Floor1,TypeA
1061,2025-04-12T04:25:07.000Z,24.43,74.37,BuildingA_Floor1,TypeA
1096,2025-04-12T07:57:20.000Z,30.54,44.68,BuildingA_Floor1,TypeA
1041,2025-04-13T18:22:07.000Z,19.05,64.05,BuildingA_Floor1,TypeC
1006,2025-04-13T05:11:15.000Z,31.36,49.53,BuildingA_Floor1,TypeC
1036,2025-04-13T04:05:02.000Z,25.79,67.62,BuildingA_Floor1,TypeA
1068,2025-04-12T07:24:02.000Z,16.96,50.53,BuildingA_Floor2,TypeB
1060,2025-04-12T09:11:45.000Z,24.3,42.21,BuildingB_Floor2,TypeA
1052,2025-04-10T20:43:19.000Z,16.67,50.81,BuildingA_Floor2,TypeC
1018,2025-04-11T11:11:46.000Z,22.52,62.77,BuildingA_Floor2,TypeB
1017,2025-04-10T23:48:17.000Z,21.97,55.37,BuildingA_Floor1,TypeA
1087,2025-04-11T02:09:17.000Z,25.76,60.71,BuildingA_Floor1,TypeB
1033,2025-04-10T17:32:12.000Z,26.01,49.08,BuildingB_Floor1,TypeC
1040,2025-04-10T10:53:08.000Z,16.68,65.34,BuildingA_Floor2,TypeA
1095,2025-04-10T15:48:10.000Z,31.39,74.19,BuildingA_Floor2,TypeB
1015,2025-04-10T00:29:58.000Z,21.45,49.4,BuildingB_Floor2,TypeB
1061,2025-04-12T12:14:03.000Z,34.11,72.5,BuildingB_Floor2,TypeC
1048,2025-04-11T22:17:58.000Z,33.78,39.52,BuildingB_Floor1,TypeB
1093,2025-04-09T08:43:19.000Z,18.09,40.66,BuildingB_Floor1,TypeA
1099,2025-04-10T00:36:44.000Z,27.55,40.54,BuildingA_Floor1,TypeB
1011,2025-04-11T10:50:13.000Z,34.3,58.24,BuildingB_Floor1,TypeC
1035,2025-04-10T09:54:06.000Z,32.86,77.32,BuildingA_Floor2,TypeC
1099,2025-04-10T08:15:13.000Z,27.3,30.72,BuildingA_Floor1,TypeA
1054,2025-04-13T03:58:50.000Z,25.84,40.55,BuildingA_Floor1,TypeB
1012,2025-04-11T02:35:55.000Z,32.26,65.35,BuildingB_Floor1,TypeB
1019,2025-04-12T22:39:00.000Z,15.57,31.81,BuildingA_Floor1,TypeA
1063,2025-04-09T14:09:43.000Z,21.59,63.44,BuildingA_Floor1,TypeC
1011,2025-04-10T17:22:05.000Z,16.02,75.75,BuildingB_Floor2,TypeA
1024,2025-04-10T07:33:58.000Z,26.83,74.68,BuildingB_Floor1,TypeC
1043,2025-04-10T03:14:05.000Z,24.67,71.72,BuildingB_Floor2,TypeA
1031,2025-04-10T19:30:08.000Z,26.66,50.33,BuildingB_Floor2,TypeC
1080,2025-04-12T15:23:27.000Z,19.08,54.07,BuildingB_Floor2,TypeC
1019,2025-04-13T01:33:58.000Z,21.01,31.67,BuildingA_Floor2,TypeB
1031,2025-04-11T00:16:23.000Z,29.37,54.61,BuildingA_Floor2,TypeA
1013,2025-04-10T00:08:02.000Z,15.46,56.97,BuildingA_Floor1,TypeB
1007,2025-04-09T12:16:07.000Z,23.03,35.72,BuildingB_Floor1,TypeC
1077,2025-04-10T00:56:48.000Z,19.78,36.95,BuildingB_Floor1,TypeC
1031,2025-04-13T11:57:42.000Z,22.71,50.08,BuildingB_Floor1,TypeA
1086,2025-04-09T14:10:07.000Z,18.64,55.26,BuildingB_Floor1,TypeC
1032,2025-04-13T02:41:12.000Z,16.68,78.47,BuildingA_Floor2,TypeB
1044,2025-04-13T10:13:42.000Z,34.68,49.71,BuildingB_Floor2,TypeA
1038,2025-04-09T12:41:49.000Z,24.03,46.2,BuildingB_Floor2,TypeB
1024,2025-04-12T16:08:52.000Z,31.38,39.63,BuildingB_Floor1,TypeA
1051,2025-04-09T14:24:49.000Z,18.11,76.05,BuildingB_Floor1,TypeA
1045,2025-04-09T13:23:54.000Z,15.56,74.19,BuildingB_Floor1,TypeC
1081,2025-04-11T21:50:31.000Z,19.45,59.44,BuildingB_Floor2,TypeA
1033,2025-04-12T10:20:46.000Z,15.08,65.74,BuildingB_Floor1,TypeC
1087,2025-04-12T04:11:32.000Z,22.14,57.79,BuildingB_Floor2,TypeA
1080,2025-04-10T22:21:20.000Z,18.6,75.24,BuildingA_Floor2,TypeA
1056,2025-04-12T14:55:53.000Z,27.46,69.46,BuildingA_Floor2,TypeB
1022,2025-04-13T13:04:57.000Z,32.96,68.07,BuildingA_Floor1,TypeA
1064,2025-04-12T11:32:58.000Z,26.5,54.86,BuildingB_Floor2,TypeB
1001,2025-04-13T15:31:45.000Z,23.28,60.74,BuildingB_Floor1,TypeC
1089,2025-04-12T06:43:19.000Z,33.02,77.29,BuildingA_Floor2,TypeA
1069,2025-04-12T20:22:59.000Z,16.42,62.71,BuildingB_Floor1,TypeC
1076,2025-04-11T01:10:54.000Z,26.15,67.33,BuildingB_Floor2,TypeB
1019,2025-04-13T17:11:33.000Z,20.29,76.99,BuildingB_Floor1,TypeA
1034,2025-04-13T01:57:59.000Z,34.31,47.43,BuildingB_Floor1,TypeC
1055,2025-04-12T12:18:38.000Z,30.76,71.48,BuildingB_Floor2,TypeB
1089,2025-04-12T02:06:16.000Z,18.98,50.4,BuildingB_Floor2,TypeC
1026,2025-04-13T04:27:11.000Z,33.72,54.71,BuildingB_Floor1,TypeA
1030,2025-04-10T19:45:44.000Z,15.42,59.15,BuildingA_Floor1,TypeA
1057,2025-04-10T23:57:19.000Z,24.24,31.2,BuildingA_Floor2,TypeB
1086,2025-04-13T12:26:35.000Z,24.59,61.03,BuildingA_Floor2,TypeB
1086,2025-04-10T06:24:40.000Z,21.42,42.76,BuildingA_Floor1,TypeB
1038,2025-04-12T18:32:08.000Z,31.93,49.66,BuildingA_Floor1,TypeC
1032,2025-04-11T11:26:30.000Z,15.28,65.07,BuildingA_Floor2,TypeC
1068,2025-04-12T09:30:11.000Z,23.27,53.4,BuildingB_Floor2,TypeC
1031,2025-04-12T15:35:17.000Z,27.58,75.96,BuildingB_Floor2,TypeA
1097,2025-04-12T09:57:47.000Z,29.02,38.59,BuildingA_Floor1,TypeB
1078,2025-04-11T03:31:16.000Z,33.69,36.33,BuildingB_Floor1,TypeA
1023,2025-04-11T09:28:57.000Z,22.87,65.66,BuildingB_Floor2,TypeA
1096,2025-04-12T14:17:47.000Z,20.26,42.25,BuildingB_Floor1,TypeB
1068,2025-04-10T10:11:40.000Z,22.38,59.54,BuildingA_Floor2,TypeB
1038,2025-04-11T21:28:46.000Z,16.06,39.51,BuildingB_Floor1,TypeB
1061,2025-04-10T23:01:52.000Z,19.87,67.79,BuildingA_Floor1,TypeA
1018,2025-04-10T09:11:11.000Z,30.76,31.6,BuildingB_Floor1,TypeB
1051,2025-04-11T07:42:56.000Z,22.28,74.92,BuildingA_Floor2,TypeB
1028,2025-04-13T03:11:59.000Z,19.52,44.33,BuildingA_Floor2,TypeB
1018,2025-04-09T23:01:02.000Z,27.98,37.5,BuildingB_Floor2,TypeC
1091,2025-04-09T19:29:28.000Z,30.9,33.33,BuildingB_Floor1,TypeB
1072,2025-04-11T17:26:39.000Z,22.61,35.73,BuildingA_Floor2,TypeB
1059,2025-04-13T14:40:35.000Z,28.01,59.3,BuildingA_Floor1,TypeB
1078,2025-04-11T02:59:27.000Z,17.0,43.42,BuildingB_Floor1,TypeA
1096,2025-04-12T22:11:30.000Z,22.35,43.89,BuildingB_Floor1,TypeB
1036,2025-04-12T09:07:16.000Z,17.94,30.17,BuildingA_Floor1,TypeC
1093,2025-04-09T01:01:34.000Z,29.47,79.19,BuildingA_Floor1,TypeA
1019,2025-04-09T20:12:41.000Z,34.18,32.85,BuildingA_Floor2,TypeB
1033,2025-04-13T07:09:09.000Z,29.67,54.2,BuildingA_Floor1,TypeA
1081,2025-04-13T10:05:11.000Z,24.16,53.93,BuildingB_Floor1,TypeB
1076,2025-04-12T07:49:57.000Z,30.3,65.46,BuildingA_Floor1,TypeB
1012,2025-04-11T17:57:14.000Z,21.3,59.76,BuildingB_Floor2,TypeA
1065,2025-04-13T02:56:44.000Z,18.64,50.88,BuildingA_Floor2,TypeB
1055,2025-04-11T07:42:37.000Z,30.66,58.16,BuildingB_Floor1,TypeB
1010,2025-04-11T19:50:13.000Z,15.49,52.17,BuildingB_Floor1,TypeB
1009,2025-04-10T23:21:28.000Z,18.84,30.01,BuildingB_Floor1,TypeA
1053,2025-04-09T15:29:23.000Z,29.64,70.21,BuildingB_Floor2,TypeA
1023,2025-04-10T19:15:20.000Z,28.49,53.22,BuildingA_Floor1,TypeC
1004,2025-04-11T05:09:36.000Z,33.47,46.99,BuildingB_Floor2,TypeC
1012,2025-04-11T16:12:41.000Z,18.65,61.38,BuildingB_Floor1,TypeC
1097,2025-04-12T20:14:50.000Z,34.68,55.15,BuildingA_Floor1,TypeA
1026,2025-04-09T07:28:13.000Z,29.55,66.58,BuildingB_Floor2,TypeB
1074,2025-04-10T03:31:12.000Z,24.22,43.7,BuildingA_Floor2,TypeC
1096,2025-04-11T09:14:14.000Z,31.03,37.04,BuildingB_Floor1,TypeA
1076,2025-04-11T03:40:30.000Z,32.2,70.91,BuildingA_Floor1,TypeB
1069,2025-04-11T09:17:36.000Z,23.76,36.37,BuildingB_Floor1,TypeB
1054,2025-04-11T17:17:56.000Z,29.94,52.96,BuildingB_Floor2,TypeB
1038,2025-04-12T19:38:27.000Z,15.36,59.56,BuildingA_Floor1,TypeB
1013,2025-04-10T06:36:48.000Z,23.69,73.11,BuildingB_Floor1,TypeC
1045,2025-04-12T05:15:42.000Z,31.84,31.03,BuildingA_Floor1,TypeB
1009,2025-04-13T07:52:25.000Z,16.8,63.42,BuildingB_Floor2,TypeC
1093,2025-04-13T04:30:57.000Z,25.06,38.1,BuildingB_Floor1,TypeA
1024,2025-04-11T14:33:57.000Z,29.46,50.63,BuildingA_Floor1,TypeB
1065,2025-04-11T08:21:53.000Z,24.45,49.54,BuildingA_Floor1,TypeC
1008,2025-04-09T07:33:02.000Z,32.21,66.72,BuildingA_Floor1,TypeC
1024,2025-04-12T04:15:47.000Z,15.8,42.48,BuildingA_Floor2,TypeC
1032,2025-04-13T09:32:15.000Z,21.42,70.51,BuildingB_Floor2,TypeB
1016,2025-04-13T01:54:56.000Z,29.98,75.67,BuildingA_Floor2,TypeA
1039,2025-04-11T16:26:25.000Z,20.6,45.45,BuildingB_Floor1,TypeA
1090,2025-04-11T09:42:49.000Z,20.8,76.3,BuildingA_Floor2,TypeA
1020,2025-04-11T16:15:59.000Z,27.8,77.95,BuildingB_Floor2,TypeB
1076,2025-04-09T07:06:16.000Z,25.52,35.24,BuildingB_Floor1,TypeB
1008,2025-04-09T02:34:13.000Z,34.42,38.4,BuildingB_Floor2,TypeB
1082,2025-04-10T04:49:52.000Z,34.13,79.83,BuildingA_Floor1,TypeC
1077,2025-04-09T11:45:02.000Z,24.95,33.06,BuildingA_Floor1,TypeC
1015,2025-04-12T03:05:18.000Z,15.91,49.44,BuildingA_Floor2,TypeC
1024,2025-04-12T03:38:06.000Z,24.61,48.66,BuildingA_Floor2,TypeC
1067,2025-04-10T21:19:15.000Z,33.85,37.76,BuildingB_Floor1,TypeA
1090,2025-04-13T10:35:47.000Z,21.48,34.97,BuildingB_Floor1,TypeA
1023,2025-04-12T00:56:00.000Z,24.27,32.4,BuildingA_Floor2,TypeB
1029,2025-04-11T05:14:53.000Z,33.77,58.27,BuildingA_Floor1,TypeA
1067,2025-04-13T18:54:06.000Z,24.74,50.48,BuildingA_Floor2,TypeA
1100,2025-04-09T18:33:14.000Z,27.54,34.9,BuildingA_Floor1,TypeB
1050,2025-04-13T08:06:53.000Z,32.27,52.95,BuildingB_Floor1,TypeA
1019,2025-04-10T09:46:30.000Z,25.58,47.66,BuildingA_Floor1,TypeA
1040,2025-04-09T01:17:57.000Z,21.8,51.31,BuildingB_Floor2,TypeC
1083,2025-04-13T02:47:37.000Z,18.79,64.62,BuildingA_Floor2,TypeB
1094,2025-04-11T11:56:16.000Z,24.42,49.63,BuildingB_Floor2,TypeC
1019,2025-04-12T12:35:37.000Z,21.26,68.33,BuildingA_Floor1,TypeB
1083,2025-04-12T16:54:59.000Z,29.82,72.81,BuildingB_Floor2,TypeA
1083,2025-04-11T12:00:51.000Z,24.6,70.16,BuildingB_Floor2,TypeC
1056,2025-04-10T13:41:12.000Z,20.0,62.07,BuildingB_Floor2,TypeB
1092,2025-04-10T01:06:57.000Z,32.61,45.43,BuildingB_Floor1,TypeB
1043,2025-04-10T18:00:41.000Z,29.91,68.64,BuildingA_Floor1,TypeC
1004,2025-04-13T06:24:06.000Z,31.52,54.82,BuildingB_Floor1,TypeB
1028,2025-04-12T09:50:58.000Z,17.85,73.25,BuildingA_Floor2,TypeA
1022,2025-04-11T13:46:26.000Z,20.23,67.49,BuildingA_Floor1,TypeA
1100,2025-04-11T18:18:54.000Z,26.49,30.7,BuildingB_Floor1,TypeC
1070,2025-04-09T11:22:42.000Z,15.2,38.84,BuildingB_Floor2,TypeA
1098,2025-04-13T18:07:18.000Z,26.38,46.79,BuildingA_Floor2,TypeB
1100,2025-04-09T03:07:12.000Z,25.45,63.65,BuildingB_Floor2,TypeC
1072,2025-04-10T04:27:53.000Z,15.84,65.85,BuildingB_Floor1,TypeC
1094,2025-04-11T05:57:10.000Z,17.31,70.31,BuildingB_Floor1,TypeC
1061,2025-04-10T17:39:59.000Z,33.02,54.74,BuildingB_Floor2,TypeC
1013,2025-04-12T06:38:36.000Z,24.56,30.17,BuildingB_Floor1,TypeC
1059,2025-04-10T17:43:11.000Z,27.94,31.69,BuildingB_Floor1,TypeA
1051,2025-04-12T05:24:07.000Z,18.8,58.13,BuildingA_Floor1,TypeC
1012,2025-04-09T16:23:45.000Z,16.34,31.04,BuildingB_Floor1,TypeA
1023,2025-04-09T18:55:39.000Z,16.29,31.34,BuildingB_Floor1,TypeC
1081,2025-04-11T03:09:52.000Z,33.7,36.9,BuildingA_Floor1,TypeB
1034,2025-04-09T13:07:47.000Z,25.31,79.72,BuildingB_Floor1,TypeC
1093,2025-04-13T12:34:21.000Z,32.08,44.95,BuildingB_Floor2,TypeA
1040,2025-04-09T23:13:50.000Z,24.34,77.17,BuildingB_Floor2,TypeA
1065,2025-04-12T05:41:09.000Z,17.43,72.31,BuildingA_Floor1,TypeC
1074,2025-04-12T18:13:50.000Z,33.83,75.9,BuildingB_Floor1,TypeA
1023,2025-04-09T15:27:12.000Z,33.82,51.92,BuildingB_Floor1,TypeC
1018,2025-04-12T05:37:07.000Z,34.26,36.92,BuildingA_Floor2,TypeC
1019,2025-04-09T04:01:44.000Z,31.01,42.23,BuildingA_Floor1,TypeB
1098,2025-04-09T19:41:26.000Z,15.32,66.49,BuildingB_Floor2,TypeB
1071,2025-04-13T07:49:04.000Z,31.35,63.31,BuildingA_Floor1,TypeB
1018,2025-04-12T05:12:38.000Z,31.87,44.65,BuildingA_Floor1,TypeC
1087,2025-04-12T16:30:56.000Z,16.21,76.55,BuildingB_Floor2,TypeB
1000,2025-04-13T07:40:24.000Z,18.48,74.67,BuildingB_Floor2,TypeC
1001,2025-04-09T23:55:56.000Z,19.91,30.38,BuildingB_Floor1,TypeB
1009,2025-04-12T02:27:41.000Z,24.71,43.84,BuildingB_Floor2,TypeB
1013,2025-04-13T13:26:39.000Z,34.66,45.14,BuildingB_Floor2,TypeB
1040,2025-04-11T23:09:18.000Z,18.44,34.62,BuildingB_Floor2,TypeC
1078,2025-04-13T17:29:35.000Z,29.11,62.97,BuildingB_Floor2,TypeA
1061,2025-04-11T16:46:28.000Z,18.86,30.64,BuildingB_Floor2,TypeB
1093,2025-04-12T13:23:46.000Z,17.71,32.57,BuildingA_Floor1,TypeC
1082,2025-04-13T03:51:42.000Z,29.82,79.89,BuildingB_Floor1,TypeC
1017,2025-04-13T21:22:42.000Z,20.49,63.09,BuildingB_Floor2,TypeB
1080,2025-04-10T20:09:06.000Z,27.04,43.35,BuildingB_Floor2,TypeC
1013,2025-04-09T13:00:36.000Z,21.78,34.4,BuildingA_Floor2,TypeA
1075,2025-04-13T04:46:18.000Z,16.56,76.92,BuildingB_Floor2,TypeB
1019,2025-04-09T10:43:45.000Z,19.75,48.96,BuildingB_Floor2,TypeB
1015,2025-04-10T18:48:20.000Z,15.35,68.07,BuildingB_Floor2,TypeC
1065,2025-04-12T17:02:05.000Z,26.03,66.07,BuildingA_Floor2,TypeB
1064,2025-04-09T01:06:56.000Z,18.77,80.0,BuildingB_Floor2,TypeC
1035,2025-04-13T04:23:10.000Z,22.5,55.16,BuildingB_Floor1,TypeB
1037,2025-04-13T19:38:05.000Z,22.57,39.45,BuildingA_Floor1,TypeC
1025,2025-04-09T23:23:33.000Z,29.15,34.2,BuildingA_Floor1,TypeC
1088,2025-04-10T07:06:27.000Z,28.42,31.05,BuildingB_Floor2,TypeC
1006,2025-04-10T08:38:32.000Z,31.24,56.14,BuildingB_Floor2,TypeA
1077,2025-04-09T16:54:34.000Z,31.53,68.59,BuildingA_Floor2,TypeA
1026,2025-04-11T14:33:05.000Z,32.18,76.74,BuildingB_Floor2,TypeA
1094,2025-04-09T22:20:51.000Z,31.66,65.62,BuildingB_Floor1,TypeB
1049,2025-04-10T08:01:33.000Z,22.86,32.0,BuildingB_Floor2,TypeC
1063,2025-04-11T01:13:18.000Z,30.19,50.03,BuildingB_Floor1,TypeC
1082,2025-04-12T10:13:58.000Z,25.17,60.92,BuildingB_Floor1,TypeA
1076,2025-04-11T23:44:02.000Z,25.3,71.24,BuildingB_Floor2,TypeA
1096,2025-04-10T05:13:12.000Z,19.81,36.83,BuildingA_Floor2,TypeB
1091,2025-04-10T16:03:14.000Z,20.51,64.24,BuildingB_Floor2,TypeC
1032,2025-04-12T06:56:48.000Z,31.77,46.21,BuildingA_Floor2,TypeC
1000,2025-04-13T22:43:19.000Z,18.23,74.55,BuildingB_Floor2,TypeA
1017,2025-04-09T02:51:26.000Z,25.26,49.56,BuildingA_Floor1,TypeC
1058,2025-04-10T12:46:57.000Z,25.37,65.56,BuildingB_Floor1,TypeA
1058,2025-04-12T06:21:50.000Z,23.16,48.34,BuildingA_Floor2,TypeB
1041,2025-04-12T15:06:13.000Z,17.81,77.36,BuildingA_Floor1,TypeC
1088,2025-04-12T09:06:43.000Z,15.88,67.18,BuildingB_Floor2,TypeA
1088,2025-04-09T02:44:34.000Z,30.76,52.75,BuildingB_Floor1,TypeA
1001,2025-04-11T11:43:02.000Z,22.53,35.05,BuildingA_Floor1,TypeC
1011,2025-04-09T07:51:14.000Z,32.88,42.66,BuildingB_Floor2,TypeC
1095,2025-04-12T02:27:23.000Z,28.95,35.54,BuildingB_Floor2,TypeA
1070,2025-04-10T21:24:09.000Z,25.52,68.99,BuildingB_Floor1,TypeB
1072,2025-04-09T11:18:52.000Z,22.36,52.31,BuildingB_Floor2,TypeB
1016,2025-04-10T06:45:01.000Z,27.62,64.43,BuildingA_Floor2,TypeB
1071,2025-04-10T03:58:22.000Z,21.38,39.68,BuildingA_Floor1,TypeB
1090,2025-04-13T09:44:33.000Z,32.44,51.8,BuildingB_Floor2,TypeC
1058,2025-04-13T11:21:49.000Z,20.77,63.14,BuildingA_Floor2,TypeC
1071,2025-04-10T13:27:27.000Z,27.84,70.33,BuildingA_Floor2,TypeA
1030,2025-04-09T22:17:43.000Z,18.55,68.64,BuildingA_Floor1,TypeB
1032,2025-04-09T11:56:03.000Z,23.25,65.91,BuildingA_Floor1,TypeA
1094,2025-04-09T12:25:13.000Z,25.28,32.44,BuildingA_Floor2,TypeB
1028,2025-04-09T07:48:05.000Z,31.37,50.35,BuildingB_Floor1,TypeC
